pointId,easting,northing,elevation,surveyedAt
P00001,429351.69,5786498.19,50.180,2026-03-02T08:01:00.0000000+00:00
P00002,425019.94,5734869.37,45.809,2026-03-02T08:02:00.0000000+00:00
P00003,469501.03,5708206.90,11.855,2026-03-02T08:03:00.0000000+00:00
P00004,475839.47,5721551.58,44.080,2026-03-02T08:04:00.0000000+00:00
P00005,499395.45,5751331.54,33.497,2026-03-02T08:05:00.0000000+00:00
P00006,429465.24,5750354.06,62.892,2026-03-02T08:06:00.0000000+00:00
P00007,451544.42,5785689.66,72.549,2026-03-02T08:07:00.0000000+00:00
P00008,483539.61,5748880.43,32.504,2026-03-02T08:08:00.0000000+00:00
P00009,443990.61,5775861.07,72.099,2026-03-02T08:09:00.0000000+00:00
P00010,479560.70,5719866.78,18.104,2026-03-02T08:10:00.0000000+00:00
P00011,466726.70,5757177.85,7.258,2026-03-02T08:11:00.0000000+00:00
P00012,430591.63,5734004.18,34.697,2026-03-02T08:12:00.0000000+00:00
P00013,499844.09,5766798.66,67.885,2026-03-02T08:13:00.0000000+00:00
P00014,459185.55,5709800.00,9.757,2026-03-02T08:14:00.0000000+00:00
P00015,473857.22,5744344.40,24.980,2026-03-02T08:15:00.0000000+00:00
P00016,469431.73,5722097.75,89.104,2026-03-02T08:16:00.0000000+00:00
P00017,497766.98,5752764.23,11.726,2026-03-02T08:17:00.0000000+00:00
P00018,416416.25,5722933.06,6.702,2026-03-02T08:18:00.0000000+00:00
P00019,443115.12,5796079.31,17.647,2026-03-02T08:19:00.0000000+00:00
P00020,400664.65,5759721.81,10.861,2026-03-02T08:20:00.0000000+00:00
P00021,481510.90,5736310.35,44.657,2026-03-02T08:21:00.0000000+00:00
P00022,447697.24,5710392.56,61.764,2026-03-02T08:22:00.0000000+00:00
P00023,435833.36,5742650.37,76.855,2026-03-02T08:23:00.0000000+00:00
P00024,452829.67,5715144.74,87.138,2026-03-02T08:24:00.0000000+00:00
P00025,401998.38,5753865.57,67.335,2026-03-02T08:25:00.0000000+00:00
P00026,450724.16,5787095.66,37.229,2026-03-02T08:26:00.0000000+00:00
P00027,436346.80,5775604.57,52.826,2026-03-02T08:27:00.0000000+00:00
P00028,459864.86,5744111.19,85.830,2026-03-02T08:28:00.0000000+00:00
P00029,422075.63,5781321.74,25.435,2026-03-02T08:29:00.0000000+00:00
P00030,471002.07,5792828.22,30.113,2026-03-02T08:30:00.0000000+00:00
P00031,411871.90,5750061.76,5.524,2026-03-02T08:31:00.0000000+00:00
P00032,489382.69,5794645.19,0.040,2026-03-02T08:32:00.0000000+00:00
P00033,409967.95,5709422.32,12.105,2026-03-02T08:33:00.0000000+00:00
P00034,469750.82,5742726.70,31.110,2026-03-02T08:34:00.0000000+00:00
P00035,452222.76,5787767.43,86.340,2026-03-02T08:35:00.0000000+00:00
P00036,430096.13,5746560.64,40.680,2026-03-02T08:36:00.0000000+00:00
P00037,432555.83,5781135.91,27.262,2026-03-02T08:37:00.0000000+00:00
P00038,488441.02,5762723.77,57.329,2026-03-02T08:38:00.0000000+00:00
P00039,434079.38,5793201.82,47.515,2026-03-02T08:39:00.0000000+00:00
P00040,468588.41,5755030.39,22.290,2026-03-02T08:40:00.0000000+00:00
P00041,464721.45,5773600.60,80.868,2026-03-02T08:41:00.0000000+00:00
P00042,457444.45,5750308.41,89.312,2026-03-02T08:42:00.0000000+00:00
P00043,429424.78,5752177.16,74.329,2026-03-02T08:43:00.0000000+00:00
P00044,448315.74,5712394.54,8.571,2026-03-02T08:44:00.0000000+00:00
P00045,440890.47,5761201.95,86.042,2026-03-02T08:45:00.0000000+00:00
P00046,413012.93,5758390.52,24.844,2026-03-02T08:46:00.0000000+00:00
P00047,452619.27,5712722.75,17.185,2026-03-02T08:47:00.0000000+00:00
P00048,482643.92,5738502.61,47.745,2026-03-02T08:48:00.0000000+00:00
P00049,499354.52,5758756.22,81.497,2026-03-02T08:49:00.0000000+00:00
P00050,416658.09,5736275.16,17.417,2026-03-02T08:50:00.0000000+00:00
P00051,425697.62,5749979.46,25.064,2026-03-02T08:51:00.0000000+00:00
P00052,472815.77,5751225.67,57.544,2026-03-02T08:52:00.0000000+00:00
P00053,420223.72,5755034.93,64.168,2026-03-02T08:53:00.0000000+00:00
P00054,418637.78,5794984.86,86.436,2026-03-02T08:54:00.0000000+00:00
P00055,445475.90,5702825.08,31.169,2026-03-02T08:55:00.0000000+00:00
P00056,448153.36,5708224.70,45.574,2026-03-02T08:56:00.0000000+00:00
P00057,468523.36,5764332.32,80.755,2026-03-02T08:57:00.0000000+00:00
P00058,423344.31,5788196.04,1.182,2026-03-02T08:58:00.0000000+00:00
P00059,494683.22,5737734.19,88.407,2026-03-02T08:59:00.0000000+00:00
P00060,446814.39,5766740.06,0.374,2026-03-02T09:00:00.0000000+00:00
P00061,403613.64,5741915.34,17.277,2026-03-02T09:01:00.0000000+00:00
P00062,446224.49,5722364.97,22.356,2026-03-02T09:02:00.0000000+00:00
P00063,452481.86,5789715.19,56.640,2026-03-02T09:03:00.0000000+00:00
P00064,455420.41,5789065.84,12.126,2026-03-02T09:04:00.0000000+00:00
P00065,479262.28,5738337.67,21.110,2026-03-02T09:05:00.0000000+00:00
P00066,490715.62,5735966.26,25.250,2026-03-02T09:06:00.0000000+00:00
P00067,433588.89,5712012.60,52.525,2026-03-02T09:07:00.0000000+00:00
P00068,495851.97,5797397.02,60.112,2026-03-02T09:08:00.0000000+00:00
P00069,451052.27,5775776.02,45.594,2026-03-02T09:09:00.0000000+00:00
P00070,448375.19,5750156.29,49.909,2026-03-02T09:10:00.0000000+00:00
P00071,489388.78,5725193.11,6.632,2026-03-02T09:11:00.0000000+00:00
P00072,499637.25,5758123.64,77.741,2026-03-02T09:12:00.0000000+00:00
P00073,452055.94,5783087.36,79.168,2026-03-02T09:13:00.0000000+00:00
P00074,415261.77,5761710.27,14.967,2026-03-02T09:14:00.0000000+00:00
P00075,435285.88,5711220.76,70.094,2026-03-02T09:15:00.0000000+00:00
P00076,474878.04,5734147.21,63.793,2026-03-02T09:16:00.0000000+00:00
P00077,427367.84,5790242.34,2.413,2026-03-02T09:17:00.0000000+00:00
P00078,453125.86,5741439.01,45.559,2026-03-02T09:18:00.0000000+00:00
P00079,476344.11,5730247.33,12.778,2026-03-02T09:19:00.0000000+00:00
P00080,429192.62,5762365.28,68.188,2026-03-02T09:20:00.0000000+00:00
P00081,451986.23,5747074.48,80.815,2026-03-02T09:21:00.0000000+00:00
P00082,440025.30,5723868.03,8.042,2026-03-02T09:22:00.0000000+00:00
P00083,426639.81,5774639.20,66.300,2026-03-02T09:23:00.0000000+00:00
P00084,455334.33,5737424.55,0.666,2026-03-02T09:24:00.0000000+00:00
P00085,479197.41,5790337.56,82.087,2026-03-02T09:25:00.0000000+00:00
P00086,416947.98,5708532.71,73.793,2026-03-02T09:26:00.0000000+00:00
P00087,494317.04,5796568.59,55.196,2026-03-02T09:27:00.0000000+00:00
P00088,432122.72,5702733.26,5.329,2026-03-02T09:28:00.0000000+00:00
P00089,403195.08,5788337.32,65.423,2026-03-02T09:29:00.0000000+00:00
P00090,481394.96,5722912.80,62.481,2026-03-02T09:30:00.0000000+00:00
P00091,491223.83,5739025.15,78.101,2026-03-02T09:31:00.0000000+00:00
P00092,495674.55,5798866.95,23.695,2026-03-02T09:32:00.0000000+00:00
P00093,433463.95,5772103.17,20.276,2026-03-02T09:33:00.0000000+00:00
P00094,463911.53,5734969.57,47.830,2026-03-02T09:34:00.0000000+00:00
P00095,420444.84,5725863.66,81.854,2026-03-02T09:35:00.0000000+00:00
P00096,456477.13,5734967.48,61.778,2026-03-02T09:36:00.0000000+00:00
P00097,480647.17,5785743.92,27.514,2026-03-02T09:37:00.0000000+00:00
P00098,434058.07,5782871.18,88.776,2026-03-02T09:38:00.0000000+00:00
P00099,470231.63,5773651.95,14.163,2026-03-02T09:39:00.0000000+00:00
P00100,413228.33,5730594.55,85.022,2026-03-02T09:40:00.0000000+00:00
P00101,484325.29,5765188.13,34.121,2026-03-02T09:41:00.0000000+00:00
P00102,434547.85,5726801.94,33.060,2026-03-02T09:42:00.0000000+00:00
P00103,441877.71,5722791.83,21.451,2026-03-02T09:43:00.0000000+00:00
P00104,400174.01,5785745.48,86.263,2026-03-02T09:44:00.0000000+00:00
P00105,411794.61,5797370.18,31.348,2026-03-02T09:45:00.0000000+00:00
P00106,447270.24,5722390.83,7.008,2026-03-02T09:46:00.0000000+00:00
P00107,486229.20,5769172.70,75.137,2026-03-02T09:47:00.0000000+00:00
P00108,450826.75,5726539.67,48.451,2026-03-02T09:48:00.0000000+00:00
P00109,493531.29,5710455.85,50.930,2026-03-02T09:49:00.0000000+00:00
P00110,416466.36,5733511.38,1.775,2026-03-02T09:50:00.0000000+00:00
P00111,414743.15,5749950.91,42.124,2026-03-02T09:51:00.0000000+00:00
P00112,483681.58,5763146.21,87.027,2026-03-02T09:52:00.0000000+00:00
P00113,476000.29,5717348.71,87.199,2026-03-02T09:53:00.0000000+00:00
P00114,499845.44,5707771.52,22.054,2026-03-02T09:54:00.0000000+00:00
P00115,424388.61,5768860.29,60.721,2026-03-02T09:55:00.0000000+00:00
P00116,467377.47,5719012.91,50.683,2026-03-02T09:56:00.0000000+00:00
P00117,463826.58,5729024.14,75.950,2026-03-02T09:57:00.0000000+00:00
P00118,482004.71,5732354.07,8.263,2026-03-02T09:58:00.0000000+00:00
P00119,475673.44,5738681.13,35.574,2026-03-02T09:59:00.0000000+00:00
P00120,469815.62,5790789.44,60.851,2026-03-02T10:00:00.0000000+00:00
P00121,443575.54,5791279.91,49.498,2026-03-02T10:01:00.0000000+00:00
P00122,483703.84,5773401.48,7.385,2026-03-02T10:02:00.0000000+00:00
P00123,490948.85,5760317.12,63.534,2026-03-02T10:03:00.0000000+00:00
P00124,473110.16,5752426.42,48.225,2026-03-02T10:04:00.0000000+00:00
P00125,433448.53,5708465.61,19.934,2026-03-02T10:05:00.0000000+00:00
P00126,477581.19,5791299.43,63.295,2026-03-02T10:06:00.0000000+00:00
P00127,403789.90,5717104.82,21.250,2026-03-02T10:07:00.0000000+00:00
P00128,452988.26,5736354.00,20.532,2026-03-02T10:08:00.0000000+00:00
P00129,497092.57,5792310.37,64.509,2026-03-02T10:09:00.0000000+00:00
P00130,432692.01,5700616.68,51.006,2026-03-02T10:10:00.0000000+00:00
P00131,441432.22,5762645.79,64.888,2026-03-02T10:11:00.0000000+00:00
P00132,447239.47,5715216.30,8.792,2026-03-02T10:12:00.0000000+00:00
P00133,436378.90,5792614.27,80.269,2026-03-02T10:13:00.0000000+00:00
P00134,486213.33,5731250.55,58.646,2026-03-02T10:14:00.0000000+00:00
P00135,401180.40,5747964.40,10.694,2026-03-02T10:15:00.0000000+00:00
P00136,428969.35,5733418.16,36.019,2026-03-02T10:16:00.0000000+00:00
P00137,462361.73,5755302.47,47.755,2026-03-02T10:17:00.0000000+00:00
P00138,438000.66,5748200.13,0.807,2026-03-02T10:18:00.0000000+00:00
P00139,458304.05,5711622.73,74.242,2026-03-02T10:19:00.0000000+00:00
P00140,469434.86,5757590.97,70.311,2026-03-02T10:20:00.0000000+00:00
P00141,440838.06,5735831.45,1.738,2026-03-02T10:21:00.0000000+00:00
P00142,445807.19,5749628.90,58.164,2026-03-02T10:22:00.0000000+00:00
P00143,471697.38,5780404.55,15.981,2026-03-02T10:23:00.0000000+00:00
P00144,416456.88,5739348.67,73.059,2026-03-02T10:24:00.0000000+00:00
P00145,457799.55,5752578.09,42.548,2026-03-02T10:25:00.0000000+00:00
P00146,444343.64,5794345.24,6.460,2026-03-02T10:26:00.0000000+00:00
P00147,439713.92,5764598.74,60.809,2026-03-02T10:27:00.0000000+00:00
P00148,431094.67,5740213.95,1.438,2026-03-02T10:28:00.0000000+00:00
P00149,443857.13,5768934.59,73.906,2026-03-02T10:29:00.0000000+00:00
P00150,491770.73,5724783.29,79.464,2026-03-02T10:30:00.0000000+00:00
P00151,421257.36,5772973.94,41.006,2026-03-02T10:31:00.0000000+00:00
P00152,422060.47,5731946.34,14.250,2026-03-02T10:32:00.0000000+00:00
P00153,433551.42,5720819.58,32.144,2026-03-02T10:33:00.0000000+00:00
P00154,465726.62,5753433.08,58.332,2026-03-02T10:34:00.0000000+00:00
P00155,485906.84,5782840.03,29.331,2026-03-02T10:35:00.0000000+00:00
P00156,421258.09,5704211.18,47.306,2026-03-02T10:36:00.0000000+00:00
P00157,407994.36,5721287.39,65.544,2026-03-02T10:37:00.0000000+00:00
P00158,411890.09,5797737.43,23.394,2026-03-02T10:38:00.0000000+00:00
P00159,469815.33,5737449.10,57.254,2026-03-02T10:39:00.0000000+00:00
P00160,492976.12,5771352.39,7.614,2026-03-02T10:40:00.0000000+00:00
P00161,417845.18,5715101.98,11.061,2026-03-02T10:41:00.0000000+00:00
P00162,420831.15,5788985.90,45.998,2026-03-02T10:42:00.0000000+00:00
P00163,493163.26,5789427.99,87.558,2026-03-02T10:43:00.0000000+00:00
P00164,435518.42,5759013.43,30.990,2026-03-02T10:44:00.0000000+00:00
P00165,495667.10,5745656.78,22.405,2026-03-02T10:45:00.0000000+00:00
P00166,459273.68,5727426.59,19.548,2026-03-02T10:46:00.0000000+00:00
P00167,439303.13,5796391.91,20.105,2026-03-02T10:47:00.0000000+00:00
P00168,450454.79,5783003.37,15.379,2026-03-02T10:48:00.0000000+00:00
P00169,435984.93,5715666.15,3.668,2026-03-02T10:49:00.0000000+00:00
P00170,402420.74,5784454.16,2.021,2026-03-02T10:50:00.0000000+00:00
P00171,460512.42,5790149.48,27.821,2026-03-02T10:51:00.0000000+00:00
P00172,472414.33,5704517.34,53.837,2026-03-02T10:52:00.0000000+00:00
P00173,459411.43,5718952.48,83.542,2026-03-02T10:53:00.0000000+00:00
P00174,416018.58,5793756.07,38.312,2026-03-02T10:54:00.0000000+00:00
P00175,424924.43,5764077.60,51.472,2026-03-02T10:55:00.0000000+00:00
P00176,470351.23,5709899.94,27.810,2026-03-02T10:56:00.0000000+00:00
P00177,420377.02,5748699.00,58.838,2026-03-02T10:57:00.0000000+00:00
P00178,433448.01,5734223.31,50.602,2026-03-02T10:58:00.0000000+00:00
P00179,447915.53,5781498.30,0.451,2026-03-02T10:59:00.0000000+00:00
P00180,408421.52,5799217.58,21.871,2026-03-02T11:00:00.0000000+00:00
P00181,418032.11,5775874.57,57.364,2026-03-02T11:01:00.0000000+00:00
P00182,473889.65,5712894.37,25.908,2026-03-02T11:02:00.0000000+00:00
P00183,405574.15,5792862.09,66.414,2026-03-02T11:03:00.0000000+00:00
P00184,497040.93,5787585.03,11.034,2026-03-02T11:04:00.0000000+00:00
P00185,465738.40,5723163.64,77.782,2026-03-02T11:05:00.0000000+00:00
P00186,481812.61,5778590.61,74.533,2026-03-02T11:06:00.0000000+00:00
P00187,407985.76,5737093.97,52.909,2026-03-02T11:07:00.0000000+00:00
P00188,447354.09,5725826.90,22.849,2026-03-02T11:08:00.0000000+00:00
P00189,452241.98,5778580.57,55.304,2026-03-02T11:09:00.0000000+00:00
P00190,499611.14,5799211.72,82.240,2026-03-02T11:10:00.0000000+00:00
P00191,413335.09,5779405.34,50.666,2026-03-02T11:11:00.0000000+00:00
P00192,412295.44,5732262.39,1.980,2026-03-02T11:12:00.0000000+00:00
P00193,404358.99,5735058.96,50.026,2026-03-02T11:13:00.0000000+00:00
P00194,477673.75,5715567.38,11.872,2026-03-02T11:14:00.0000000+00:00
P00195,499653.24,5799648.48,55.686,2026-03-02T11:15:00.0000000+00:00
P00196,454128.35,5784624.12,75.488,2026-03-02T11:16:00.0000000+00:00
P00197,411535.12,5753881.59,70.805,2026-03-02T11:17:00.0000000+00:00
P00198,452674.12,5796614.80,48.625,2026-03-02T11:18:00.0000000+00:00
P00199,495363.02,5757728.96,85.164,2026-03-02T11:19:00.0000000+00:00
P00200,408529.75,5796538.92,31.320,2026-03-02T11:20:00.0000000+00:00
P00201,466966.64,5782179.63,76.663,2026-03-02T11:21:00.0000000+00:00
P00202,413449.91,5714927.86,76.437,2026-03-02T11:22:00.0000000+00:00
P00203,448769.18,5796808.35,76.998,2026-03-02T11:23:00.0000000+00:00
P00204,490652.19,5770640.37,47.589,2026-03-02T11:24:00.0000000+00:00
P00205,410930.57,5740909.68,4.092,2026-03-02T11:25:00.0000000+00:00
P00206,452356.19,5777687.21,83.141,2026-03-02T11:26:00.0000000+00:00
P00207,498353.89,5727324.30,60.620,2026-03-02T11:27:00.0000000+00:00
P00208,447600.09,5717856.13,43.762,2026-03-02T11:28:00.0000000+00:00
P00209,419608.73,5789556.96,1.158,2026-03-02T11:29:00.0000000+00:00
P00210,461423.29,5711324.23,47.278,2026-03-02T11:30:00.0000000+00:00
P00211,425391.45,5786896.05,30.657,2026-03-02T11:31:00.0000000+00:00
P00212,466092.26,5726216.82,33.964,2026-03-02T11:32:00.0000000+00:00
P00213,472510.60,5752092.08,80.436,2026-03-02T11:33:00.0000000+00:00
P00214,441069.96,5709775.64,43.309,2026-03-02T11:34:00.0000000+00:00
P00215,419723.55,5717911.61,54.623,2026-03-02T11:35:00.0000000+00:00
P00216,402865.75,5736398.99,4.218,2026-03-02T11:36:00.0000000+00:00
P00217,475148.41,5775393.52,43.208,2026-03-02T11:37:00.0000000+00:00
P00218,450023.36,5736814.93,21.411,2026-03-02T11:38:00.0000000+00:00
P00219,463765.52,5740325.67,73.556,2026-03-02T11:39:00.0000000+00:00
P00220,418050.60,5796643.55,77.781,2026-03-02T11:40:00.0000000+00:00
P00221,447800.04,5766555.63,71.615,2026-03-02T11:41:00.0000000+00:00
P00222,460082.73,5755415.30,30.475,2026-03-02T11:42:00.0000000+00:00
P00223,468209.88,5749127.88,13.116,2026-03-02T11:43:00.0000000+00:00
P00224,494155.26,5731462.76,88.075,2026-03-02T11:44:00.0000000+00:00
P00225,422073.35,5792915.80,73.442,2026-03-02T11:45:00.0000000+00:00
P00226,425170.19,5756026.97,3.435,2026-03-02T11:46:00.0000000+00:00
P00227,454284.86,5757236.75,29.511,2026-03-02T11:47:00.0000000+00:00
P00228,485732.33,5719380.92,89.932,2026-03-02T11:48:00.0000000+00:00
P00229,406562.29,5746076.85,55.592,2026-03-02T11:49:00.0000000+00:00
P00230,446690.71,5706198.58,37.446,2026-03-02T11:50:00.0000000+00:00
P00231,468664.79,5791564.11,4.142,2026-03-02T11:51:00.0000000+00:00
P00232,491541.70,5784581.05,31.284,2026-03-02T11:52:00.0000000+00:00
P00233,454372.18,5793655.80,81.645,2026-03-02T11:53:00.0000000+00:00
P00234,488186.29,5735632.99,66.523,2026-03-02T11:54:00.0000000+00:00
P00235,498124.40,5757453.96,45.333,2026-03-02T11:55:00.0000000+00:00
P00236,437394.95,5744463.12,5.536,2026-03-02T11:56:00.0000000+00:00
P00237,459614.74,5728378.05,1.285,2026-03-02T11:57:00.0000000+00:00
P00238,408676.01,5794465.17,27.428,2026-03-02T11:58:00.0000000+00:00
P00239,465622.66,5780005.41,63.124,2026-03-02T11:59:00.0000000+00:00
P00240,408977.69,5705227.39,11.649,2026-03-02T12:00:00.0000000+00:00
P00241,456771.94,5720417.51,61.393,2026-03-02T12:01:00.0000000+00:00
P00242,483975.41,5712352.40,18.165,2026-03-02T12:02:00.0000000+00:00
P00243,436198.83,5728098.07,81.731,2026-03-02T12:03:00.0000000+00:00
P00244,457866.80,5709472.14,28.841,2026-03-02T12:04:00.0000000+00:00
P00245,453300.95,5724494.32,3.375,2026-03-02T12:05:00.0000000+00:00
P00246,448392.20,5761428.63,43.064,2026-03-02T12:06:00.0000000+00:00
P00247,408125.57,5732887.55,30.889,2026-03-02T12:07:00.0000000+00:00
P00248,430496.25,5745739.63,4.877,2026-03-02T12:08:00.0000000+00:00
P00249,484328.01,5778027.32,73.326,2026-03-02T12:09:00.0000000+00:00
P00250,455499.42,5763663.36,88.723,2026-03-02T12:10:00.0000000+00:00
P00251,414858.51,5738097.74,82.002,2026-03-02T12:11:00.0000000+00:00
P00252,455084.72,5734645.21,89.335,2026-03-02T12:12:00.0000000+00:00
P00253,440231.02,5746824.20,75.055,2026-03-02T12:13:00.0000000+00:00
P00254,438404.89,5790351.36,42.017,2026-03-02T12:14:00.0000000+00:00
P00255,459534.16,5739015.28,7.062,2026-03-02T12:15:00.0000000+00:00
P00256,442761.71,5759425.60,36.817,2026-03-02T12:16:00.0000000+00:00
P00257,450818.55,5733943.45,7.326,2026-03-02T12:17:00.0000000+00:00
P00258,453126.62,5702924.44,82.786,2026-03-02T12:18:00.0000000+00:00
P00259,485778.34,5758057.58,88.081,2026-03-02T12:19:00.0000000+00:00
P00260,482015.78,5704232.36,13.753,2026-03-02T12:20:00.0000000+00:00
P00261,461271.26,5764885.28,71.271,2026-03-02T12:21:00.0000000+00:00
P00262,474153.79,5762500.65,62.284,2026-03-02T12:22:00.0000000+00:00
P00263,471597.92,5781399.57,75.850,2026-03-02T12:23:00.0000000+00:00
P00264,498835.15,5724406.60,38.729,2026-03-02T12:24:00.0000000+00:00
P00265,448161.84,5773982.51,70.621,2026-03-02T12:25:00.0000000+00:00
P00266,477490.14,5740448.58,75.821,2026-03-02T12:26:00.0000000+00:00
P00267,467743.24,5783744.75,63.121,2026-03-02T12:27:00.0000000+00:00
P00268,416111.20,5765205.29,77.049,2026-03-02T12:28:00.0000000+00:00
P00269,426768.24,5794538.19,33.001,2026-03-02T12:29:00.0000000+00:00
P00270,450952.00,5783212.91,72.942,2026-03-02T12:30:00.0000000+00:00
P00271,453129.22,5701206.00,78.552,2026-03-02T12:31:00.0000000+00:00
P00272,487954.13,5708770.99,80.588,2026-03-02T12:32:00.0000000+00:00
P00273,401307.23,5744791.12,39.223,2026-03-02T12:33:00.0000000+00:00
P00274,407757.18,5798115.69,22.542,2026-03-02T12:34:00.0000000+00:00
P00275,467580.58,5776977.40,6.833,2026-03-02T12:35:00.0000000+00:00
P00276,498935.75,5744434.89,20.473,2026-03-02T12:36:00.0000000+00:00
P00277,410958.15,5733067.09,37.735,2026-03-02T12:37:00.0000000+00:00
P00278,496147.27,5734316.35,16.144,2026-03-02T12:38:00.0000000+00:00
P00279,455379.38,5756577.60,75.617,2026-03-02T12:39:00.0000000+00:00
P00280,496156.84,5798407.46,29.293,2026-03-02T12:40:00.0000000+00:00
P00281,478280.47,5705382.25,0.141,2026-03-02T12:41:00.0000000+00:00
P00282,414462.11,5700338.97,1.285,2026-03-02T12:42:00.0000000+00:00
P00283,489301.97,5776805.24,65.969,2026-03-02T12:43:00.0000000+00:00
P00284,419894.31,5740435.62,76.689,2026-03-02T12:44:00.0000000+00:00
P00285,426735.38,5791656.82,83.386,2026-03-02T12:45:00.0000000+00:00
P00286,448989.63,5782927.03,28.940,2026-03-02T12:46:00.0000000+00:00
P00287,468127.70,5727200.20,19.060,2026-03-02T12:47:00.0000000+00:00
P00288,414142.57,5737428.28,64.863,2026-03-02T12:48:00.0000000+00:00
P00289,484953.71,5711146.01,24.008,2026-03-02T12:49:00.0000000+00:00
P00290,488864.15,5762777.36,88.622,2026-03-02T12:50:00.0000000+00:00
P00291,422500.31,5718519.61,43.373,2026-03-02T12:51:00.0000000+00:00
P00292,445633.85,5766144.82,50.022,2026-03-02T12:52:00.0000000+00:00
P00293,469771.99,5710760.34,43.269,2026-03-02T12:53:00.0000000+00:00
P00294,431491.98,5766547.05,87.217,2026-03-02T12:54:00.0000000+00:00
P00295,427473.47,5736861.82,13.158,2026-03-02T12:55:00.0000000+00:00
P00296,431246.31,5771968.64,87.893,2026-03-02T12:56:00.0000000+00:00
P00297,487518.52,5709581.00,74.860,2026-03-02T12:57:00.0000000+00:00
P00298,420210.02,5715074.08,28.273,2026-03-02T12:58:00.0000000+00:00
P00299,490102.54,5767428.35,4.000,2026-03-02T12:59:00.0000000+00:00
P00300,495677.17,5734063.96,30.008,2026-03-02T13:00:00.0000000+00:00
P00301,400457.63,5770631.50,46.248,2026-03-02T13:01:00.0000000+00:00
P00302,430259.04,5702075.21,42.959,2026-03-02T13:02:00.0000000+00:00
P00303,417331.31,5716335.80,76.955,2026-03-02T13:03:00.0000000+00:00
P00304,406689.18,5715890.09,82.604,2026-03-02T13:04:00.0000000+00:00
P00305,448454.95,5726695.71,62.804,2026-03-02T13:05:00.0000000+00:00
P00306,455329.90,5718180.08,89.188,2026-03-02T13:06:00.0000000+00:00
P00307,415377.69,5750636.90,70.268,2026-03-02T13:07:00.0000000+00:00
P00308,425290.68,5707588.71,16.735,2026-03-02T13:08:00.0000000+00:00
P00309,483668.15,5732107.38,81.156,2026-03-02T13:09:00.0000000+00:00
P00310,484958.90,5771605.10,1.561,2026-03-02T13:10:00.0000000+00:00
P00311,498116.58,5735497.21,59.561,2026-03-02T13:11:00.0000000+00:00
P00312,477749.08,5731732.97,58.151,2026-03-02T13:12:00.0000000+00:00
P00313,444914.16,5739896.89,75.232,2026-03-02T13:13:00.0000000+00:00
P00314,452846.76,5776849.53,79.541,2026-03-02T13:14:00.0000000+00:00
P00315,448353.16,5700696.02,21.086,2026-03-02T13:15:00.0000000+00:00
P00316,447209.05,5768143.94,82.203,2026-03-02T13:16:00.0000000+00:00
P00317,491370.03,5702695.51,84.099,2026-03-02T13:17:00.0000000+00:00
P00318,441854.86,5749977.16,84.736,2026-03-02T13:18:00.0000000+00:00
P00319,475791.95,5706757.48,51.248,2026-03-02T13:19:00.0000000+00:00
P00320,479303.45,5769999.81,65.492,2026-03-02T13:20:00.0000000+00:00
P00321,455419.75,5784825.23,45.599,2026-03-02T13:21:00.0000000+00:00
P00322,446999.50,5724282.19,87.805,2026-03-02T13:22:00.0000000+00:00
P00323,420532.01,5783206.66,10.021,2026-03-02T13:23:00.0000000+00:00
P00324,404181.31,5723219.27,24.278,2026-03-02T13:24:00.0000000+00:00
P00325,401931.98,5747830.43,13.471,2026-03-02T13:25:00.0000000+00:00
P00326,450363.10,5730413.53,86.184,2026-03-02T13:26:00.0000000+00:00
P00327,425108.18,5735837.89,62.431,2026-03-02T13:27:00.0000000+00:00
P00328,449356.56,5798283.26,25.559,2026-03-02T13:28:00.0000000+00:00
P00329,441644.12,5733755.67,69.418,2026-03-02T13:29:00.0000000+00:00
P00330,426000.28,5748558.56,19.514,2026-03-02T13:30:00.0000000+00:00
P00331,412148.03,5735249.77,62.876,2026-03-02T13:31:00.0000000+00:00
P00332,450117.67,5705320.64,37.924,2026-03-02T13:32:00.0000000+00:00
P00333,466310.14,5761423.80,69.704,2026-03-02T13:33:00.0000000+00:00
P00334,429554.75,5770989.91,1.027,2026-03-02T13:34:00.0000000+00:00
P00335,413381.82,5732876.88,24.676,2026-03-02T13:35:00.0000000+00:00
P00336,469932.68,5797697.84,70.662,2026-03-02T13:36:00.0000000+00:00
P00337,407918.72,5787088.10,68.607,2026-03-02T13:37:00.0000000+00:00
P00338,450656.76,5770581.41,1.629,2026-03-02T13:38:00.0000000+00:00
P00339,480449.45,5750661.78,24.454,2026-03-02T13:39:00.0000000+00:00
P00340,480487.20,5702058.32,57.866,2026-03-02T13:40:00.0000000+00:00
P00341,454744.61,5739583.37,85.736,2026-03-02T13:41:00.0000000+00:00
P00342,494745.81,5736333.95,64.054,2026-03-02T13:42:00.0000000+00:00
P00343,483353.18,5799594.10,37.247,2026-03-02T13:43:00.0000000+00:00
P00344,432210.72,5780970.69,7.815,2026-03-02T13:44:00.0000000+00:00
P00345,417029.91,5740685.52,3.575,2026-03-02T13:45:00.0000000+00:00
P00346,464199.75,5708444.00,50.145,2026-03-02T13:46:00.0000000+00:00
P00347,421202.13,5782144.96,41.195,2026-03-02T13:47:00.0000000+00:00
P00348,426638.85,5773813.45,85.085,2026-03-02T13:48:00.0000000+00:00
P00349,445813.70,5779097.77,0.916,2026-03-02T13:49:00.0000000+00:00
P00350,405687.84,5753487.58,18.029,2026-03-02T13:50:00.0000000+00:00
P00351,433001.42,5778078.78,27.966,2026-03-02T13:51:00.0000000+00:00
P00352,497046.82,5762973.85,80.281,2026-03-02T13:52:00.0000000+00:00
P00353,442575.35,5725503.61,38.228,2026-03-02T13:53:00.0000000+00:00
P00354,407712.71,5797052.32,5.335,2026-03-02T13:54:00.0000000+00:00
P00355,478457.86,5775214.16,85.710,2026-03-02T13:55:00.0000000+00:00
P00356,461044.63,5792427.79,57.041,2026-03-02T13:56:00.0000000+00:00
P00357,441513.47,5754319.77,43.118,2026-03-02T13:57:00.0000000+00:00
P00358,445569.60,5781281.50,31.649,2026-03-02T13:58:00.0000000+00:00
P00359,466192.44,5741576.30,45.487,2026-03-02T13:59:00.0000000+00:00
P00360,405916.00,5735980.44,0.441,2026-03-02T14:00:00.0000000+00:00
P00361,421458.80,5788180.91,21.258,2026-03-02T14:01:00.0000000+00:00
P00362,435742.63,5771421.21,17.954,2026-03-02T14:02:00.0000000+00:00
P00363,468485.30,5723736.85,77.457,2026-03-02T14:03:00.0000000+00:00
P00364,452306.27,5752097.10,45.504,2026-03-02T14:04:00.0000000+00:00
P00365,429500.30,5712799.43,65.630,2026-03-02T14:05:00.0000000+00:00
P00366,468128.97,5747539.10,50.678,2026-03-02T14:06:00.0000000+00:00
P00367,423659.53,5736732.55,13.713,2026-03-02T14:07:00.0000000+00:00
P00368,493509.44,5724443.46,55.197,2026-03-02T14:08:00.0000000+00:00
P00369,425003.20,5714286.90,82.727,2026-03-02T14:09:00.0000000+00:00
P00370,492006.11,5729740.37,56.936,2026-03-02T14:10:00.0000000+00:00
P00371,413058.92,5790140.08,47.228,2026-03-02T14:11:00.0000000+00:00
P00372,447865.58,5774889.55,55.328,2026-03-02T14:12:00.0000000+00:00
P00373,408993.96,5712343.80,15.057,2026-03-02T14:13:00.0000000+00:00
P00374,425989.83,5768165.93,16.525,2026-03-02T14:14:00.0000000+00:00
P00375,448747.77,5704840.74,16.445,2026-03-02T14:15:00.0000000+00:00
P00376,438085.85,5791278.43,38.231,2026-03-02T14:16:00.0000000+00:00
P00377,481222.85,5791531.01,88.039,2026-03-02T14:17:00.0000000+00:00
P00378,444883.69,5759151.81,73.953,2026-03-02T14:18:00.0000000+00:00
P00379,460448.11,5794402.23,10.790,2026-03-02T14:19:00.0000000+00:00
P00380,425490.20,5773369.37,53.753,2026-03-02T14:20:00.0000000+00:00
P00381,418000.73,5740064.30,16.756,2026-03-02T14:21:00.0000000+00:00
P00382,441619.65,5754515.89,89.316,2026-03-02T14:22:00.0000000+00:00
P00383,414227.24,5785023.64,43.495,2026-03-02T14:23:00.0000000+00:00
P00384,493404.67,5796613.09,12.069,2026-03-02T14:24:00.0000000+00:00
P00385,450102.14,5774153.12,15.223,2026-03-02T14:25:00.0000000+00:00
P00386,449762.43,5725483.16,75.251,2026-03-02T14:26:00.0000000+00:00
P00387,463860.14,5751267.83,35.153,2026-03-02T14:27:00.0000000+00:00
P00388,440786.71,5711760.62,8.873,2026-03-02T14:28:00.0000000+00:00
P00389,494042.61,5771890.23,39.922,2026-03-02T14:29:00.0000000+00:00
P00390,478777.08,5758819.33,72.037,2026-03-02T14:30:00.0000000+00:00
P00391,401487.29,5748332.32,35.558,2026-03-02T14:31:00.0000000+00:00
P00392,406167.98,5740784.59,0.336,2026-03-02T14:32:00.0000000+00:00
P00393,498324.09,5727591.81,61.430,2026-03-02T14:33:00.0000000+00:00
P00394,495174.87,5704351.86,16.563,2026-03-02T14:34:00.0000000+00:00
P00395,450443.25,5799456.33,33.751,2026-03-02T14:35:00.0000000+00:00
P00396,466368.30,5734217.47,73.103,2026-03-02T14:36:00.0000000+00:00
P00397,467010.08,5731787.55,50.116,2026-03-02T14:37:00.0000000+00:00
P00398,446586.34,5760870.38,22.342,2026-03-02T14:38:00.0000000+00:00
P00399,464687.97,5739709.15,34.929,2026-03-02T14:39:00.0000000+00:00
P00400,499368.14,5711236.91,73.134,2026-03-02T14:40:00.0000000+00:00
P00401,456417.72,5760724.65,84.696,2026-03-02T14:41:00.0000000+00:00
P00402,499425.50,5727871.17,12.601,2026-03-02T14:42:00.0000000+00:00
P00403,411274.39,5730764.92,36.839,2026-03-02T14:43:00.0000000+00:00
P00404,495464.12,5700532.65,61.398,2026-03-02T14:44:00.0000000+00:00
P00405,435431.50,5792778.41,43.673,2026-03-02T14:45:00.0000000+00:00
P00406,499124.75,5726867.18,89.836,2026-03-02T14:46:00.0000000+00:00
P00407,450941.80,5740740.91,34.746,2026-03-02T14:47:00.0000000+00:00
P00408,406414.47,5783248.79,4.986,2026-03-02T14:48:00.0000000+00:00
P00409,462167.06,5774508.27,86.695,2026-03-02T14:49:00.0000000+00:00
P00410,412930.91,5704447.20,27.428,2026-03-02T14:50:00.0000000+00:00
P00411,476869.58,5702596.60,16.392,2026-03-02T14:51:00.0000000+00:00
P00412,433280.92,5739820.47,37.592,2026-03-02T14:52:00.0000000+00:00
P00413,443222.04,5773372.25,52.210,2026-03-02T14:53:00.0000000+00:00
P00414,456606.55,5746127.94,71.414,2026-03-02T14:54:00.0000000+00:00
P00415,492809.71,5778481.57,4.082,2026-03-02T14:55:00.0000000+00:00
P00416,479174.30,5750727.97,12.806,2026-03-02T14:56:00.0000000+00:00
P00417,472080.45,5729350.44,41.115,2026-03-02T14:57:00.0000000+00:00
P00418,458844.15,5764937.15,75.922,2026-03-02T14:58:00.0000000+00:00
P00419,496170.87,5732491.83,57.743,2026-03-02T14:59:00.0000000+00:00
P00420,496728.82,5779021.61,60.462,2026-03-02T15:00:00.0000000+00:00
P00421,460764.75,5787555.31,61.116,2026-03-02T15:01:00.0000000+00:00
P00422,408526.45,5789888.92,48.128,2026-03-02T15:02:00.0000000+00:00
P00423,491708.12,5709588.34,31.640,2026-03-02T15:03:00.0000000+00:00
P00424,476560.77,5787797.86,55.183,2026-03-02T15:04:00.0000000+00:00
P00425,475730.95,5765808.76,1.315,2026-03-02T15:05:00.0000000+00:00
P00426,401661.10,5778116.83,74.703,2026-03-02T15:06:00.0000000+00:00
P00427,423978.27,5747055.53,6.387,2026-03-02T15:07:00.0000000+00:00
P00428,402401.03,5733300.19,82.516,2026-03-02T15:08:00.0000000+00:00
P00429,464755.62,5747488.14,76.901,2026-03-02T15:09:00.0000000+00:00
P00430,458458.74,5714801.69,50.721,2026-03-02T15:10:00.0000000+00:00
P00431,445864.32,5744180.58,81.427,2026-03-02T15:11:00.0000000+00:00
P00432,434777.08,5729366.39,9.080,2026-03-02T15:12:00.0000000+00:00
P00433,417038.23,5770829.49,75.576,2026-03-02T15:13:00.0000000+00:00
P00434,485018.56,5704106.14,10.390,2026-03-02T15:14:00.0000000+00:00
P00435,484107.86,5726445.87,22.086,2026-03-02T15:15:00.0000000+00:00
P00436,455524.54,5771378.74,6.745,2026-03-02T15:16:00.0000000+00:00
P00437,494534.44,5712453.90,76.830,2026-03-02T15:17:00.0000000+00:00
P00438,422291.25,5751519.39,88.612,2026-03-02T15:18:00.0000000+00:00
P00439,419358.09,5790783.57,75.997,2026-03-02T15:19:00.0000000+00:00
P00440,468076.31,5720513.05,66.042,2026-03-02T15:20:00.0000000+00:00
P00441,416346.46,5783978.20,75.558,2026-03-02T15:21:00.0000000+00:00
P00442,436642.42,5715895.96,49.396,2026-03-02T15:22:00.0000000+00:00
P00443,445219.94,5771313.21,82.861,2026-03-02T15:23:00.0000000+00:00
P00444,487502.44,5788845.65,61.152,2026-03-02T15:24:00.0000000+00:00
P00445,417880.98,5770523.71,6.756,2026-03-02T15:25:00.0000000+00:00
P00446,454070.89,5769924.08,66.379,2026-03-02T15:26:00.0000000+00:00
P00447,499087.01,5741752.95,2.557,2026-03-02T15:27:00.0000000+00:00
P00448,445345.23,5754828.51,10.897,2026-03-02T15:28:00.0000000+00:00
P00449,428420.47,5739854.34,15.295,2026-03-02T15:29:00.0000000+00:00
P00450,415448.51,5778279.68,2.853,2026-03-02T15:30:00.0000000+00:00
P00451,485350.64,5735368.40,37.651,2026-03-02T15:31:00.0000000+00:00
P00452,469755.37,5720347.33,19.902,2026-03-02T15:32:00.0000000+00:00
P00453,444384.91,5741815.33,17.454,2026-03-02T15:33:00.0000000+00:00
P00454,460430.66,5786486.80,38.597,2026-03-02T15:34:00.0000000+00:00
P00455,435832.19,5771721.40,83.230,2026-03-02T15:35:00.0000000+00:00
P00456,459691.30,5798767.56,9.378,2026-03-02T15:36:00.0000000+00:00
P00457,420353.05,5780936.89,73.748,2026-03-02T15:37:00.0000000+00:00
P00458,469360.95,5725082.49,80.257,2026-03-02T15:38:00.0000000+00:00
P00459,487728.82,5731285.32,7.360,2026-03-02T15:39:00.0000000+00:00
P00460,498856.04,5721774.75,3.224,2026-03-02T15:40:00.0000000+00:00
P00461,493450.29,5744348.97,66.915,2026-03-02T15:41:00.0000000+00:00
P00462,491502.87,5781561.03,11.147,2026-03-02T15:42:00.0000000+00:00
P00463,464520.70,5785429.11,10.481,2026-03-02T15:43:00.0000000+00:00
P00464,434678.86,5729702.45,47.103,2026-03-02T15:44:00.0000000+00:00
P00465,491733.26,5722078.62,51.057,2026-03-02T15:45:00.0000000+00:00
P00466,416052.44,5700759.58,86.519,2026-03-02T15:46:00.0000000+00:00
P00467,430499.72,5721424.33,52.020,2026-03-02T15:47:00.0000000+00:00
P00468,444236.83,5769556.16,61.375,2026-03-02T15:48:00.0000000+00:00
P00469,450616.87,5793082.73,36.181,2026-03-02T15:49:00.0000000+00:00
P00470,492779.47,5776723.33,5.467,2026-03-02T15:50:00.0000000+00:00
P00471,469506.28,5730423.75,79.680,2026-03-02T15:51:00.0000000+00:00
P00472,413961.06,5774567.33,73.394,2026-03-02T15:52:00.0000000+00:00
P00473,426722.01,5728164.27,1.689,2026-03-02T15:53:00.0000000+00:00
P00474,440829.75,5758568.84,10.703,2026-03-02T15:54:00.0000000+00:00
P00475,412676.42,5703817.82,59.486,2026-03-02T15:55:00.0000000+00:00
P00476,475249.96,5766436.74,57.293,2026-03-02T15:56:00.0000000+00:00
P00477,471591.68,5795803.01,2.622,2026-03-02T15:57:00.0000000+00:00
P00478,462946.17,5706081.53,42.397,2026-03-02T15:58:00.0000000+00:00
P00479,489965.65,5745839.07,83.304,2026-03-02T15:59:00.0000000+00:00
P00480,488214.84,5716673.60,56.455,2026-03-02T16:00:00.0000000+00:00
P00481,464204.31,5740389.25,52.846,2026-03-02T16:01:00.0000000+00:00
P00482,472985.52,5737191.98,50.332,2026-03-02T16:02:00.0000000+00:00
P00483,473109.39,5772566.96,19.949,2026-03-02T16:03:00.0000000+00:00
P00484,464251.59,5795520.64,83.005,2026-03-02T16:04:00.0000000+00:00
P00485,402839.67,5703402.36,77.790,2026-03-02T16:05:00.0000000+00:00
P00486,412629.11,5705308.50,33.712,2026-03-02T16:06:00.0000000+00:00
P00487,421845.37,5758951.21,72.948,2026-03-02T16:07:00.0000000+00:00
P00488,402556.91,5708996.12,31.538,2026-03-02T16:08:00.0000000+00:00
P00489,457859.91,5763324.21,86.041,2026-03-02T16:09:00.0000000+00:00
P00490,449990.00,5738669.39,20.907,2026-03-02T16:10:00.0000000+00:00
P00491,481198.36,5765655.58,77.445,2026-03-02T16:11:00.0000000+00:00
P00492,427945.22,5701965.01,67.845,2026-03-02T16:12:00.0000000+00:00
P00493,435994.42,5778340.00,55.015,2026-03-02T16:13:00.0000000+00:00
P00494,491587.90,5732738.49,70.945,2026-03-02T16:14:00.0000000+00:00
P00495,415722.90,5715661.01,0.371,2026-03-02T16:15:00.0000000+00:00
P00496,432600.82,5714009.68,36.436,2026-03-02T16:16:00.0000000+00:00
P00497,429167.44,5704872.64,76.118,2026-03-02T16:17:00.0000000+00:00
P00498,451873.56,5717394.78,77.530,2026-03-02T16:18:00.0000000+00:00
P00499,425769.49,5738621.37,43.327,2026-03-02T16:19:00.0000000+00:00
P00500,458029.31,5758826.71,38.953,2026-03-02T16:20:00.0000000+00:00
P00501,428932.26,5722515.64,61.924,2026-03-02T16:21:00.0000000+00:00
P00502,470550.67,5702489.34,64.171,2026-03-02T16:22:00.0000000+00:00
P00503,496687.27,5705613.20,87.215,2026-03-02T16:23:00.0000000+00:00
P00504,477149.36,5705171.62,67.510,2026-03-02T16:24:00.0000000+00:00
P00505,498573.95,5733822.81,9.086,2026-03-02T16:25:00.0000000+00:00
P00506,484872.58,5701991.09,31.578,2026-03-02T16:26:00.0000000+00:00
P00507,489366.87,5787866.24,7.179,2026-03-02T16:27:00.0000000+00:00
P00508,450578.91,5777760.21,36.210,2026-03-02T16:28:00.0000000+00:00
P00509,427182.37,5733945.37,84.054,2026-03-02T16:29:00.0000000+00:00
P00510,490158.66,5751317.71,59.732,2026-03-02T16:30:00.0000000+00:00
P00511,458623.89,5757657.93,44.134,2026-03-02T16:31:00.0000000+00:00
P00512,415109.87,5791715.47,28.105,2026-03-02T16:32:00.0000000+00:00
P00513,433719.52,5728742.87,10.843,2026-03-02T16:33:00.0000000+00:00
P00514,473248.77,5755068.12,48.729,2026-03-02T16:34:00.0000000+00:00
P00515,474700.47,5764093.96,17.691,2026-03-02T16:35:00.0000000+00:00
P00516,406575.17,5720904.14,59.188,2026-03-02T16:36:00.0000000+00:00
P00517,460262.56,5741360.64,5.532,2026-03-02T16:37:00.0000000+00:00
P00518,429317.79,5705684.23,3.417,2026-03-02T16:38:00.0000000+00:00
P00519,476721.02,5754323.67,88.891,2026-03-02T16:39:00.0000000+00:00
P00520,418136.45,5735303.84,17.021,2026-03-02T16:40:00.0000000+00:00
P00521,449381.18,5767759.22,37.136,2026-03-02T16:41:00.0000000+00:00
P00522,489682.19,5785875.09,24.552,2026-03-02T16:42:00.0000000+00:00
P00523,442940.08,5770643.01,75.745,2026-03-02T16:43:00.0000000+00:00
P00524,467296.51,5744112.22,17.164,2026-03-02T16:44:00.0000000+00:00
P00525,414807.39,5719603.31,86.204,2026-03-02T16:45:00.0000000+00:00
P00526,483575.75,5737592.39,13.878,2026-03-02T16:46:00.0000000+00:00
P00527,485518.06,5738317.92,30.844,2026-03-02T16:47:00.0000000+00:00
P00528,455885.66,5775918.99,21.892,2026-03-02T16:48:00.0000000+00:00
P00529,418500.16,5762360.60,15.678,2026-03-02T16:49:00.0000000+00:00
P00530,458022.27,5798774.51,6.015,2026-03-02T16:50:00.0000000+00:00
P00531,494025.57,5722533.65,23.514,2026-03-02T16:51:00.0000000+00:00
P00532,417688.03,5794059.82,14.767,2026-03-02T16:52:00.0000000+00:00
P00533,436252.75,5717665.59,59.529,2026-03-02T16:53:00.0000000+00:00
P00534,440559.15,5715481.30,11.801,2026-03-02T16:54:00.0000000+00:00
P00535,458131.22,5758205.69,73.878,2026-03-02T16:55:00.0000000+00:00
P00536,489053.34,5798956.36,88.757,2026-03-02T16:56:00.0000000+00:00
P00537,461927.90,5740570.24,73.203,2026-03-02T16:57:00.0000000+00:00
P00538,495234.35,5700074.85,22.421,2026-03-02T16:58:00.0000000+00:00
P00539,450135.98,5760600.45,9.920,2026-03-02T16:59:00.0000000+00:00
P00540,486105.63,5744662.42,6.034,2026-03-02T17:00:00.0000000+00:00
P00541,493196.47,5722511.06,84.820,2026-03-02T17:01:00.0000000+00:00
P00542,477783.99,5777212.41,87.759,2026-03-02T17:02:00.0000000+00:00
P00543,412378.16,5734410.95,31.775,2026-03-02T17:03:00.0000000+00:00
P00544,480103.72,5798360.16,17.828,2026-03-02T17:04:00.0000000+00:00
P00545,427254.43,5723513.06,45.343,2026-03-02T17:05:00.0000000+00:00
P00546,431090.19,5783249.37,28.334,2026-03-02T17:06:00.0000000+00:00
P00547,497850.89,5741922.18,7.249,2026-03-02T17:07:00.0000000+00:00
P00548,464927.08,5700647.84,30.946,2026-03-02T17:08:00.0000000+00:00
P00549,457601.90,5728641.67,56.347,2026-03-02T17:09:00.0000000+00:00
P00550,405085.77,5728241.39,71.505,2026-03-02T17:10:00.0000000+00:00
P00551,458521.70,5748895.42,9.781,2026-03-02T17:11:00.0000000+00:00
P00552,492697.75,5784722.00,87.460,2026-03-02T17:12:00.0000000+00:00
P00553,435652.62,5764673.73,46.114,2026-03-02T17:13:00.0000000+00:00
P00554,482184.42,5709781.28,44.596,2026-03-02T17:14:00.0000000+00:00
P00555,405671.64,5757319.48,28.541,2026-03-02T17:15:00.0000000+00:00
P00556,405214.58,5710081.91,53.369,2026-03-02T17:16:00.0000000+00:00
P00557,476064.22,5797401.22,82.581,2026-03-02T17:17:00.0000000+00:00
P00558,409957.56,5793715.82,28.001,2026-03-02T17:18:00.0000000+00:00
P00559,470067.31,5725991.16,51.363,2026-03-02T17:19:00.0000000+00:00
P00560,440751.29,5721495.89,33.468,2026-03-02T17:20:00.0000000+00:00
P00561,420831.44,5743213.30,86.390,2026-03-02T17:21:00.0000000+00:00
P00562,435963.44,5702545.27,87.291,2026-03-02T17:22:00.0000000+00:00
P00563,414031.59,5750644.51,16.926,2026-03-02T17:23:00.0000000+00:00
P00564,465924.23,5732566.57,70.003,2026-03-02T17:24:00.0000000+00:00
P00565,428197.88,5700675.73,45.298,2026-03-02T17:25:00.0000000+00:00
P00566,415503.86,5784799.50,1.477,2026-03-02T17:26:00.0000000+00:00
P00567,414979.79,5760907.54,41.871,2026-03-02T17:27:00.0000000+00:00
P00568,497643.42,5734347.96,2.978,2026-03-02T17:28:00.0000000+00:00
P00569,485704.89,5710811.28,20.141,2026-03-02T17:29:00.0000000+00:00
P00570,414252.63,5765748.42,2.073,2026-03-02T17:30:00.0000000+00:00
P00571,438423.62,5793624.72,10.105,2026-03-02T17:31:00.0000000+00:00
P00572,444312.63,5758024.02,32.394,2026-03-02T17:32:00.0000000+00:00
P00573,431789.11,5776439.45,53.360,2026-03-02T17:33:00.0000000+00:00
P00574,466008.31,5785627.02,79.614,2026-03-02T17:34:00.0000000+00:00
P00575,419018.86,5763479.70,32.379,2026-03-02T17:35:00.0000000+00:00
P00576,482018.72,5777088.53,14.844,2026-03-02T17:36:00.0000000+00:00
P00577,493548.24,5730218.23,47.393,2026-03-02T17:37:00.0000000+00:00
P00578,439781.82,5752552.71,87.120,2026-03-02T17:38:00.0000000+00:00
P00579,437714.68,5704213.29,69.710,2026-03-02T17:39:00.0000000+00:00
P00580,421706.35,5774201.32,48.254,2026-03-02T17:40:00.0000000+00:00
P00581,447048.73,5727120.20,18.644,2026-03-02T17:41:00.0000000+00:00
P00582,462362.78,5795114.92,46.345,2026-03-02T17:42:00.0000000+00:00
P00583,405830.42,5778750.46,56.052,2026-03-02T17:43:00.0000000+00:00
P00584,408922.47,5789695.51,29.674,2026-03-02T17:44:00.0000000+00:00
P00585,433750.52,5795271.06,28.806,2026-03-02T17:45:00.0000000+00:00
P00586,410202.61,5771232.04,69.788,2026-03-02T17:46:00.0000000+00:00
P00587,412208.19,5761968.88,8.187,2026-03-02T17:47:00.0000000+00:00
P00588,416908.45,5717014.69,21.346,2026-03-02T17:48:00.0000000+00:00
P00589,492266.75,5772465.69,20.060,2026-03-02T17:49:00.0000000+00:00
P00590,435772.95,5740737.59,77.685,2026-03-02T17:50:00.0000000+00:00
P00591,469217.56,5746348.14,73.904,2026-03-02T17:51:00.0000000+00:00
P00592,463327.01,5765417.99,30.433,2026-03-02T17:52:00.0000000+00:00
P00593,443232.20,5738661.70,31.872,2026-03-02T17:53:00.0000000+00:00
P00594,450456.64,5728451.60,12.564,2026-03-02T17:54:00.0000000+00:00
P00595,408173.41,5738174.65,62.811,2026-03-02T17:55:00.0000000+00:00
P00596,438162.52,5733408.93,16.527,2026-03-02T17:56:00.0000000+00:00
P00597,472444.02,5763845.26,5.227,2026-03-02T17:57:00.0000000+00:00
P00598,469244.92,5741315.29,23.023,2026-03-02T17:58:00.0000000+00:00
P00599,467376.64,5761042.53,8.222,2026-03-02T17:59:00.0000000+00:00
P00600,440087.08,5742487.89,5.406,2026-03-02T18:00:00.0000000+00:00
P00601,452270.98,5732100.84,55.815,2026-03-02T18:01:00.0000000+00:00
P00602,409958.49,5702012.85,88.321,2026-03-02T18:02:00.0000000+00:00
P00603,423406.23,5757770.05,82.213,2026-03-02T18:03:00.0000000+00:00
P00604,415145.79,5715434.35,88.041,2026-03-02T18:04:00.0000000+00:00
P00605,420137.84,5743365.11,48.102,2026-03-02T18:05:00.0000000+00:00
P00606,410218.82,5796133.23,66.081,2026-03-02T18:06:00.0000000+00:00
P00607,490687.85,5730727.59,17.759,2026-03-02T18:07:00.0000000+00:00
P00608,400354.81,5766412.28,27.853,2026-03-02T18:08:00.0000000+00:00
P00609,464444.34,5717241.21,67.272,2026-03-02T18:09:00.0000000+00:00
P00610,425196.16,5700314.27,57.770,2026-03-02T18:10:00.0000000+00:00
P00611,438167.98,5796458.91,68.159,2026-03-02T18:11:00.0000000+00:00
P00612,435982.00,5749586.49,13.063,2026-03-02T18:12:00.0000000+00:00
P00613,490661.55,5759936.39,31.163,2026-03-02T18:13:00.0000000+00:00
P00614,437695.91,5754599.58,42.189,2026-03-02T18:14:00.0000000+00:00
P00615,492997.89,5707814.68,88.578,2026-03-02T18:15:00.0000000+00:00
P00616,407879.62,5720907.53,19.203,2026-03-02T18:16:00.0000000+00:00
P00617,479507.08,5705683.50,83.298,2026-03-02T18:17:00.0000000+00:00
P00618,435719.14,5719449.10,27.193,2026-03-02T18:18:00.0000000+00:00
P00619,467288.85,5781010.83,81.728,2026-03-02T18:19:00.0000000+00:00
P00620,422411.80,5752014.77,88.866,2026-03-02T18:20:00.0000000+00:00
P00621,408086.67,5702175.91,37.522,2026-03-02T18:21:00.0000000+00:00
P00622,485451.36,5733748.39,53.268,2026-03-02T18:22:00.0000000+00:00
P00623,410713.87,5798264.24,20.318,2026-03-02T18:23:00.0000000+00:00
P00624,499469.82,5758681.88,1.122,2026-03-02T18:24:00.0000000+00:00
P00625,476826.23,5772397.48,28.415,2026-03-02T18:25:00.0000000+00:00
P00626,468360.01,5709805.19,38.258,2026-03-02T18:26:00.0000000+00:00
P00627,427709.43,5773171.67,22.934,2026-03-02T18:27:00.0000000+00:00
P00628,485630.27,5725768.54,65.031,2026-03-02T18:28:00.0000000+00:00
P00629,474625.97,5757768.20,70.166,2026-03-02T18:29:00.0000000+00:00
P00630,427936.19,5765454.89,13.177,2026-03-02T18:30:00.0000000+00:00
P00631,479881.37,5705639.92,64.579,2026-03-02T18:31:00.0000000+00:00
P00632,417065.91,5744759.72,87.783,2026-03-02T18:32:00.0000000+00:00
P00633,458710.32,5756682.65,2.738,2026-03-02T18:33:00.0000000+00:00
P00634,486520.22,5750760.69,66.336,2026-03-02T18:34:00.0000000+00:00
P00635,483738.48,5723898.93,82.227,2026-03-02T18:35:00.0000000+00:00
P00636,460417.37,5729047.55,78.879,2026-03-02T18:36:00.0000000+00:00
P00637,487852.93,5756526.67,33.815,2026-03-02T18:37:00.0000000+00:00
P00638,458353.02,5700693.79,55.457,2026-03-02T18:38:00.0000000+00:00
P00639,459978.62,5716845.91,3.922,2026-03-02T18:39:00.0000000+00:00
P00640,466973.10,5764040.72,7.229,2026-03-02T18:40:00.0000000+00:00
P00641,434094.23,5700519.21,10.591,2026-03-02T18:41:00.0000000+00:00
P00642,449322.03,5745011.68,69.094,2026-03-02T18:42:00.0000000+00:00
P00643,417365.18,5785614.69,9.711,2026-03-02T18:43:00.0000000+00:00
P00644,432915.04,5786805.78,29.283,2026-03-02T18:44:00.0000000+00:00
P00645,405928.68,5734456.36,79.766,2026-03-02T18:45:00.0000000+00:00
P00646,423958.15,5784886.33,30.131,2026-03-02T18:46:00.0000000+00:00
P00647,481034.36,5790256.41,27.581,2026-03-02T18:47:00.0000000+00:00
P00648,400758.91,5785409.07,66.846,2026-03-02T18:48:00.0000000+00:00
P00649,406621.97,5799666.92,35.041,2026-03-02T18:49:00.0000000+00:00
P00650,436168.55,5790756.72,14.431,2026-03-02T18:50:00.0000000+00:00
P00651,424725.12,5714808.68,40.615,2026-03-02T18:51:00.0000000+00:00
P00652,424530.83,5785062.72,79.745,2026-03-02T18:52:00.0000000+00:00
P00653,480903.91,5774261.28,69.418,2026-03-02T18:53:00.0000000+00:00
P00654,442972.98,5794658.49,27.906,2026-03-02T18:54:00.0000000+00:00
P00655,477024.31,5776704.80,87.777,2026-03-02T18:55:00.0000000+00:00
P00656,422394.08,5720311.47,15.175,2026-03-02T18:56:00.0000000+00:00
P00657,443340.32,5746568.23,74.903,2026-03-02T18:57:00.0000000+00:00
P00658,499559.34,5709594.25,10.477,2026-03-02T18:58:00.0000000+00:00
P00659,429902.07,5778597.48,26.175,2026-03-02T18:59:00.0000000+00:00
P00660,448463.74,5782320.24,82.136,2026-03-02T19:00:00.0000000+00:00
P00661,484810.43,5786428.07,45.792,2026-03-02T19:01:00.0000000+00:00
P00662,454250.33,5774615.56,76.449,2026-03-02T19:02:00.0000000+00:00
P00663,495302.19,5715598.04,45.960,2026-03-02T19:03:00.0000000+00:00
P00664,481102.51,5719101.28,45.898,2026-03-02T19:04:00.0000000+00:00
P00665,499117.73,5779733.02,88.418,2026-03-02T19:05:00.0000000+00:00
P00666,435245.19,5741140.32,35.390,2026-03-02T19:06:00.0000000+00:00
P00667,403954.92,5784089.30,63.782,2026-03-02T19:07:00.0000000+00:00
P00668,473097.73,5722195.33,48.100,2026-03-02T19:08:00.0000000+00:00
P00669,401960.44,5724618.86,38.393,2026-03-02T19:09:00.0000000+00:00
P00670,494545.55,5792989.96,7.765,2026-03-02T19:10:00.0000000+00:00
P00671,499541.51,5735094.32,19.660,2026-03-02T19:11:00.0000000+00:00
P00672,403791.62,5779995.76,0.580,2026-03-02T19:12:00.0000000+00:00
P00673,411942.50,5781067.40,50.776,2026-03-02T19:13:00.0000000+00:00
P00674,467676.65,5719924.69,0.544,2026-03-02T19:14:00.0000000+00:00
P00675,417277.48,5776221.01,34.832,2026-03-02T19:15:00.0000000+00:00
P00676,446102.07,5783981.07,27.193,2026-03-02T19:16:00.0000000+00:00
P00677,443114.40,5751759.56,26.912,2026-03-02T19:17:00.0000000+00:00
P00678,430089.25,5743869.66,66.922,2026-03-02T19:18:00.0000000+00:00
P00679,458308.53,5799925.15,25.427,2026-03-02T19:19:00.0000000+00:00
P00680,456636.29,5750705.80,13.724,2026-03-02T19:20:00.0000000+00:00
P00681,489865.02,5724005.96,27.929,2026-03-02T19:21:00.0000000+00:00
P00682,474080.04,5720003.61,88.155,2026-03-02T19:22:00.0000000+00:00
P00683,425851.11,5735577.28,35.753,2026-03-02T19:23:00.0000000+00:00
P00684,410614.50,5774609.83,39.847,2026-03-02T19:24:00.0000000+00:00
P00685,483338.30,5778518.41,45.008,2026-03-02T19:25:00.0000000+00:00
P00686,468649.62,5724933.79,59.278,2026-03-02T19:26:00.0000000+00:00
P00687,467197.33,5795047.50,83.699,2026-03-02T19:27:00.0000000+00:00
P00688,472221.96,5755873.84,80.173,2026-03-02T19:28:00.0000000+00:00
P00689,407200.27,5790334.75,62.647,2026-03-02T19:29:00.0000000+00:00
P00690,497882.05,5758570.39,12.996,2026-03-02T19:30:00.0000000+00:00
P00691,414402.32,5753521.19,83.352,2026-03-02T19:31:00.0000000+00:00
P00692,490583.46,5745325.07,55.062,2026-03-02T19:32:00.0000000+00:00
P00693,480291.59,5758245.04,10.468,2026-03-02T19:33:00.0000000+00:00
P00694,428849.98,5741196.61,30.229,2026-03-02T19:34:00.0000000+00:00
P00695,410551.93,5792507.60,73.603,2026-03-02T19:35:00.0000000+00:00
P00696,469276.27,5719964.95,32.595,2026-03-02T19:36:00.0000000+00:00
P00697,416412.53,5703533.20,84.429,2026-03-02T19:37:00.0000000+00:00
P00698,471986.99,5766389.84,85.103,2026-03-02T19:38:00.0000000+00:00
P00699,406477.93,5794096.11,9.144,2026-03-02T19:39:00.0000000+00:00
P00700,458485.53,5798876.30,7.997,2026-03-02T19:40:00.0000000+00:00
P00701,442767.30,5765199.84,34.336,2026-03-02T19:41:00.0000000+00:00
P00702,486235.84,5723120.98,79.586,2026-03-02T19:42:00.0000000+00:00
P00703,443326.08,5705104.98,80.345,2026-03-02T19:43:00.0000000+00:00
P00704,456588.26,5798208.82,48.881,2026-03-02T19:44:00.0000000+00:00
P00705,466276.57,5717482.05,33.833,2026-03-02T19:45:00.0000000+00:00
P00706,460721.85,5744538.03,70.634,2026-03-02T19:46:00.0000000+00:00
P00707,477744.87,5761016.32,88.101,2026-03-02T19:47:00.0000000+00:00
P00708,487208.07,5704945.35,61.021,2026-03-02T19:48:00.0000000+00:00
P00709,409359.60,5763974.64,66.821,2026-03-02T19:49:00.0000000+00:00
P00710,401572.60,5776637.77,16.808,2026-03-02T19:50:00.0000000+00:00
P00711,416126.80,5748043.39,34.023,2026-03-02T19:51:00.0000000+00:00
P00712,414131.39,5730420.41,18.021,2026-03-02T19:52:00.0000000+00:00
P00713,473514.23,5728517.88,85.459,2026-03-02T19:53:00.0000000+00:00
P00714,483231.30,5789180.15,86.766,2026-03-02T19:54:00.0000000+00:00
P00715,419376.96,5711914.62,1.172,2026-03-02T19:55:00.0000000+00:00
P00716,486816.00,5768359.80,14.171,2026-03-02T19:56:00.0000000+00:00
P00717,462105.47,5769903.02,19.288,2026-03-02T19:57:00.0000000+00:00
P00718,471761.67,5739724.61,81.501,2026-03-02T19:58:00.0000000+00:00
P00719,453631.13,5765619.30,84.878,2026-03-02T19:59:00.0000000+00:00
P00720,491707.00,5784592.71,18.415,2026-03-02T20:00:00.0000000+00:00
P00721,490478.51,5737393.13,49.197,2026-03-02T20:01:00.0000000+00:00
P00722,433826.93,5707155.11,23.475,2026-03-02T20:02:00.0000000+00:00
P00723,476000.80,5709555.60,39.284,2026-03-02T20:03:00.0000000+00:00
P00724,436924.57,5705546.61,7.886,2026-03-02T20:04:00.0000000+00:00
P00725,451621.56,5706930.80,79.158,2026-03-02T20:05:00.0000000+00:00
P00726,432571.90,5727046.28,10.695,2026-03-02T20:06:00.0000000+00:00
P00727,491416.58,5712875.19,25.974,2026-03-02T20:07:00.0000000+00:00
P00728,442991.42,5787560.18,49.131,2026-03-02T20:08:00.0000000+00:00
P00729,478269.31,5757285.56,31.628,2026-03-02T20:09:00.0000000+00:00
P00730,436002.28,5742986.48,55.987,2026-03-02T20:10:00.0000000+00:00
P00731,412855.53,5704964.91,70.352,2026-03-02T20:11:00.0000000+00:00
P00732,420483.47,5768605.40,62.849,2026-03-02T20:12:00.0000000+00:00
P00733,415558.16,5729625.08,16.664,2026-03-02T20:13:00.0000000+00:00
P00734,401106.33,5701353.93,2.570,2026-03-02T20:14:00.0000000+00:00
P00735,458541.76,5756239.64,83.833,2026-03-02T20:15:00.0000000+00:00
P00736,426565.42,5797023.14,6.746,2026-03-02T20:16:00.0000000+00:00
P00737,492479.51,5763495.52,87.070,2026-03-02T20:17:00.0000000+00:00
P00738,444506.38,5762383.72,36.174,2026-03-02T20:18:00.0000000+00:00
P00739,433178.27,5709933.76,42.280,2026-03-02T20:19:00.0000000+00:00
P00740,497395.19,5751027.47,29.023,2026-03-02T20:20:00.0000000+00:00
P00741,479004.56,5755293.85,12.262,2026-03-02T20:21:00.0000000+00:00
P00742,487934.01,5709901.54,14.671,2026-03-02T20:22:00.0000000+00:00
P00743,402983.48,5735927.94,44.639,2026-03-02T20:23:00.0000000+00:00
P00744,494701.86,5735810.38,27.644,2026-03-02T20:24:00.0000000+00:00
P00745,473430.50,5795067.68,15.880,2026-03-02T20:25:00.0000000+00:00
P00746,423643.44,5718878.61,65.413,2026-03-02T20:26:00.0000000+00:00
P00747,451791.59,5724828.36,75.391,2026-03-02T20:27:00.0000000+00:00
P00748,407583.78,5712275.42,66.988,2026-03-02T20:28:00.0000000+00:00
P00749,492098.03,5769723.87,47.465,2026-03-02T20:29:00.0000000+00:00
P00750,466559.40,5725177.90,10.633,2026-03-02T20:30:00.0000000+00:00
P00751,431196.18,5784701.21,28.710,2026-03-02T20:31:00.0000000+00:00
P00752,448234.41,5775476.94,38.900,2026-03-02T20:32:00.0000000+00:00
P00753,439169.58,5701819.96,28.528,2026-03-02T20:33:00.0000000+00:00
P00754,452177.30,5776533.96,69.136,2026-03-02T20:34:00.0000000+00:00
P00755,418323.36,5791421.72,85.330,2026-03-02T20:35:00.0000000+00:00
P00756,416187.60,5747455.61,4.654,2026-03-02T20:36:00.0000000+00:00
P00757,454468.85,5746911.41,85.316,2026-03-02T20:37:00.0000000+00:00
P00758,423356.97,5760650.79,43.945,2026-03-02T20:38:00.0000000+00:00
P00759,444752.69,5709081.72,34.812,2026-03-02T20:39:00.0000000+00:00
P00760,486846.34,5742035.71,3.946,2026-03-02T20:40:00.0000000+00:00
P00761,479602.75,5747292.42,70.815,2026-03-02T20:41:00.0000000+00:00
P00762,442591.77,5753659.36,37.454,2026-03-02T20:42:00.0000000+00:00
P00763,405928.10,5736023.44,65.793,2026-03-02T20:43:00.0000000+00:00
P00764,452952.38,5788753.96,24.246,2026-03-02T20:44:00.0000000+00:00
P00765,423981.43,5722290.66,67.699,2026-03-02T20:45:00.0000000+00:00
P00766,423422.83,5782199.52,55.186,2026-03-02T20:46:00.0000000+00:00
P00767,484373.80,5719159.79,33.701,2026-03-02T20:47:00.0000000+00:00
P00768,440936.08,5727744.63,59.277,2026-03-02T20:48:00.0000000+00:00
P00769,445177.41,5762081.62,16.648,2026-03-02T20:49:00.0000000+00:00
P00770,405944.82,5748375.22,16.345,2026-03-02T20:50:00.0000000+00:00
P00771,459233.76,5703117.83,11.588,2026-03-02T20:51:00.0000000+00:00
P00772,463240.53,5749276.17,54.919,2026-03-02T20:52:00.0000000+00:00
P00773,460204.73,5701560.18,50.191,2026-03-02T20:53:00.0000000+00:00
P00774,496904.60,5777442.94,18.326,2026-03-02T20:54:00.0000000+00:00
P00775,407880.60,5765224.17,41.788,2026-03-02T20:55:00.0000000+00:00
P00776,470282.61,5762509.84,17.607,2026-03-02T20:56:00.0000000+00:00
P00777,467023.57,5795451.68,0.126,2026-03-02T20:57:00.0000000+00:00
P00778,478460.27,5781484.70,2.443,2026-03-02T20:58:00.0000000+00:00
P00779,463323.87,5726889.29,23.580,2026-03-02T20:59:00.0000000+00:00
P00780,457082.64,5755259.70,68.521,2026-03-02T21:00:00.0000000+00:00
P00781,493578.45,5707445.70,42.987,2026-03-02T21:01:00.0000000+00:00
P00782,429427.75,5753932.40,46.986,2026-03-02T21:02:00.0000000+00:00
P00783,423710.27,5759939.64,14.932,2026-03-02T21:03:00.0000000+00:00
P00784,451140.37,5758282.20,48.589,2026-03-02T21:04:00.0000000+00:00
P00785,451981.41,5735990.04,24.552,2026-03-02T21:05:00.0000000+00:00
P00786,405489.96,5781423.43,67.544,2026-03-02T21:06:00.0000000+00:00
P00787,405247.08,5780729.82,36.268,2026-03-02T21:07:00.0000000+00:00
P00788,490387.22,5735741.28,4.977,2026-03-02T21:08:00.0000000+00:00
P00789,498153.92,5748587.61,17.380,2026-03-02T21:09:00.0000000+00:00
P00790,493906.72,5791933.48,16.060,2026-03-02T21:10:00.0000000+00:00
P00791,462773.25,5748017.98,31.550,2026-03-02T21:11:00.0000000+00:00
P00792,417225.80,5752601.05,53.080,2026-03-02T21:12:00.0000000+00:00
P00793,412535.68,5797020.31,27.314,2026-03-02T21:13:00.0000000+00:00
P00794,423196.23,5735566.38,5.352,2026-03-02T21:14:00.0000000+00:00
P00795,406624.43,5777177.43,44.026,2026-03-02T21:15:00.0000000+00:00
P00796,462540.56,5789633.74,17.157,2026-03-02T21:16:00.0000000+00:00
P00797,478880.91,5787190.80,9.250,2026-03-02T21:17:00.0000000+00:00
P00798,445174.92,5732831.40,44.509,2026-03-02T21:18:00.0000000+00:00
P00799,441059.62,5742157.60,22.946,2026-03-02T21:19:00.0000000+00:00
P00800,470448.24,5718748.12,82.918,2026-03-02T21:20:00.0000000+00:00
P00801,477882.73,5731092.49,38.027,2026-03-02T21:21:00.0000000+00:00
P00802,418402.37,5748473.81,47.388,2026-03-02T21:22:00.0000000+00:00
P00803,444288.42,5712723.10,83.135,2026-03-02T21:23:00.0000000+00:00
P00804,402386.66,5794036.26,2.868,2026-03-02T21:24:00.0000000+00:00
P00805,460530.02,5731427.94,3.953,2026-03-02T21:25:00.0000000+00:00
P00806,496957.66,5799572.95,2.371,2026-03-02T21:26:00.0000000+00:00
P00807,493962.95,5749766.30,19.116,2026-03-02T21:27:00.0000000+00:00
P00808,402459.59,5710019.03,14.827,2026-03-02T21:28:00.0000000+00:00
P00809,481958.59,5731518.05,9.260,2026-03-02T21:29:00.0000000+00:00
P00810,497789.51,5771597.44,80.408,2026-03-02T21:30:00.0000000+00:00
P00811,471336.23,5733553.53,75.864,2026-03-02T21:31:00.0000000+00:00
P00812,439277.48,5739716.75,14.977,2026-03-02T21:32:00.0000000+00:00
P00813,463806.72,5743925.82,21.425,2026-03-02T21:33:00.0000000+00:00
P00814,476813.57,5785921.48,11.443,2026-03-02T21:34:00.0000000+00:00
P00815,463868.91,5755667.73,87.511,2026-03-02T21:35:00.0000000+00:00
P00816,465537.49,5705875.08,52.986,2026-03-02T21:36:00.0000000+00:00
P00817,478084.49,5775388.23,57.672,2026-03-02T21:37:00.0000000+00:00
P00818,443080.06,5743387.33,37.380,2026-03-02T21:38:00.0000000+00:00
P00819,482096.15,5727851.29,60.321,2026-03-02T21:39:00.0000000+00:00
P00820,454914.22,5710459.89,80.925,2026-03-02T21:40:00.0000000+00:00
P00821,430755.65,5751348.88,9.668,2026-03-02T21:41:00.0000000+00:00
P00822,491905.54,5713587.45,3.744,2026-03-02T21:42:00.0000000+00:00
P00823,467149.53,5793192.18,4.066,2026-03-02T21:43:00.0000000+00:00
P00824,400942.30,5750414.17,82.821,2026-03-02T21:44:00.0000000+00:00
P00825,423310.36,5782256.73,48.360,2026-03-02T21:45:00.0000000+00:00
P00826,488237.88,5760157.82,83.983,2026-03-02T21:46:00.0000000+00:00
P00827,415892.54,5796319.76,37.864,2026-03-02T21:47:00.0000000+00:00
P00828,424507.36,5711077.53,55.142,2026-03-02T21:48:00.0000000+00:00
P00829,438969.36,5717154.03,79.590,2026-03-02T21:49:00.0000000+00:00
P00830,442159.13,5774272.69,58.735,2026-03-02T21:50:00.0000000+00:00
P00831,484589.18,5700860.77,51.154,2026-03-02T21:51:00.0000000+00:00
P00832,414253.84,5760375.94,2.510,2026-03-02T21:52:00.0000000+00:00
P00833,410302.24,5788297.63,83.545,2026-03-02T21:53:00.0000000+00:00
P00834,471107.69,5774567.68,31.177,2026-03-02T21:54:00.0000000+00:00
P00835,418872.84,5700579.01,36.796,2026-03-02T21:55:00.0000000+00:00
P00836,424030.46,5789283.22,82.236,2026-03-02T21:56:00.0000000+00:00
P00837,485631.46,5779875.95,35.775,2026-03-02T21:57:00.0000000+00:00
P00838,453854.44,5733446.66,84.638,2026-03-02T21:58:00.0000000+00:00
P00839,470788.78,5720115.19,88.953,2026-03-02T21:59:00.0000000+00:00
P00840,499005.16,5783446.83,52.725,2026-03-02T22:00:00.0000000+00:00
P00841,414873.13,5743679.80,63.560,2026-03-02T22:01:00.0000000+00:00
P00842,461740.87,5732447.64,70.461,2026-03-02T22:02:00.0000000+00:00
P00843,474711.75,5730684.96,12.906,2026-03-02T22:03:00.0000000+00:00
P00844,484335.52,5790864.36,27.624,2026-03-02T22:04:00.0000000+00:00
P00845,459544.04,5748672.93,21.753,2026-03-02T22:05:00.0000000+00:00
P00846,440195.02,5788257.07,72.260,2026-03-02T22:06:00.0000000+00:00
P00847,433895.73,5773222.77,3.059,2026-03-02T22:07:00.0000000+00:00
P00848,431433.06,5799947.73,40.225,2026-03-02T22:08:00.0000000+00:00
P00849,464687.02,5702388.92,88.059,2026-03-02T22:09:00.0000000+00:00
P00850,481726.78,5782899.81,19.665,2026-03-02T22:10:00.0000000+00:00
P00851,407387.67,5763816.57,22.757,2026-03-02T22:11:00.0000000+00:00
P00852,457861.67,5794732.04,56.410,2026-03-02T22:12:00.0000000+00:00
P00853,417441.06,5748353.84,4.241,2026-03-02T22:13:00.0000000+00:00
P00854,462470.85,5759371.26,26.217,2026-03-02T22:14:00.0000000+00:00
P00855,473002.47,5703809.82,23.025,2026-03-02T22:15:00.0000000+00:00
P00856,443104.52,5751968.06,62.365,2026-03-02T22:16:00.0000000+00:00
P00857,442162.74,5781672.24,14.775,2026-03-02T22:17:00.0000000+00:00
P00858,427840.60,5738916.61,67.917,2026-03-02T22:18:00.0000000+00:00
P00859,457592.96,5772910.58,16.356,2026-03-02T22:19:00.0000000+00:00
P00860,407141.81,5738604.42,75.770,2026-03-02T22:20:00.0000000+00:00
P00861,471927.75,5741869.92,55.104,2026-03-02T22:21:00.0000000+00:00
P00862,489066.10,5736949.11,38.308,2026-03-02T22:22:00.0000000+00:00
P00863,442477.38,5769413.81,88.692,2026-03-02T22:23:00.0000000+00:00
P00864,482811.11,5772070.12,22.287,2026-03-02T22:24:00.0000000+00:00
P00865,429663.84,5733843.16,89.887,2026-03-02T22:25:00.0000000+00:00
P00866,497954.00,5790321.04,47.405,2026-03-02T22:26:00.0000000+00:00
P00867,435676.35,5798429.28,65.646,2026-03-02T22:27:00.0000000+00:00
P00868,454845.45,5754116.42,14.805,2026-03-02T22:28:00.0000000+00:00
P00869,466209.25,5783030.69,53.724,2026-03-02T22:29:00.0000000+00:00
P00870,404978.59,5750829.13,56.772,2026-03-02T22:30:00.0000000+00:00
P00871,476619.72,5711164.48,12.426,2026-03-02T22:31:00.0000000+00:00
P00872,440566.37,5785976.28,41.625,2026-03-02T22:32:00.0000000+00:00
P00873,470788.54,5739360.07,51.789,2026-03-02T22:33:00.0000000+00:00
P00874,474600.87,5768081.53,45.742,2026-03-02T22:34:00.0000000+00:00
P00875,405680.28,5740796.17,89.923,2026-03-02T22:35:00.0000000+00:00
P00876,489754.22,5773188.21,46.995,2026-03-02T22:36:00.0000000+00:00
P00877,453445.06,5731958.11,1.784,2026-03-02T22:37:00.0000000+00:00
P00878,494554.37,5779166.20,88.049,2026-03-02T22:38:00.0000000+00:00
P00879,433044.97,5702742.71,34.748,2026-03-02T22:39:00.0000000+00:00
P00880,409140.23,5722584.36,38.852,2026-03-02T22:40:00.0000000+00:00
P00881,401853.22,5738206.93,35.236,2026-03-02T22:41:00.0000000+00:00
P00882,489387.49,5702523.39,48.505,2026-03-02T22:42:00.0000000+00:00
P00883,446962.63,5786185.89,52.127,2026-03-02T22:43:00.0000000+00:00
P00884,495084.85,5729968.35,76.021,2026-03-02T22:44:00.0000000+00:00
P00885,489628.17,5783971.98,10.285,2026-03-02T22:45:00.0000000+00:00
P00886,476982.16,5764048.46,8.788,2026-03-02T22:46:00.0000000+00:00
P00887,440214.00,5798305.55,27.490,2026-03-02T22:47:00.0000000+00:00
P00888,402396.93,5743502.52,22.754,2026-03-02T22:48:00.0000000+00:00
P00889,488667.19,5764551.09,37.573,2026-03-02T22:49:00.0000000+00:00
P00890,455303.65,5737778.36,3.212,2026-03-02T22:50:00.0000000+00:00
P00891,439654.91,5737514.73,56.374,2026-03-02T22:51:00.0000000+00:00
P00892,486514.00,5753519.07,44.578,2026-03-02T22:52:00.0000000+00:00
P00893,414450.39,5754157.80,30.916,2026-03-02T22:53:00.0000000+00:00
P00894,458626.37,5792900.08,8.925,2026-03-02T22:54:00.0000000+00:00
P00895,463975.67,5774705.06,82.436,2026-03-02T22:55:00.0000000+00:00
P00896,441026.04,5796971.77,14.400,2026-03-02T22:56:00.0000000+00:00
P00897,411504.28,5730439.06,59.246,2026-03-02T22:57:00.0000000+00:00
P00898,421900.81,5770032.06,85.022,2026-03-02T22:58:00.0000000+00:00
P00899,403175.74,5732497.46,69.665,2026-03-02T22:59:00.0000000+00:00
P00900,428327.31,5781384.44,9.956,2026-03-02T23:00:00.0000000+00:00
P00901,462776.79,5708892.09,59.453,2026-03-02T23:01:00.0000000+00:00
P00902,460835.37,5723656.14,62.050,2026-03-02T23:02:00.0000000+00:00
P00903,461181.52,5771785.68,77.283,2026-03-02T23:03:00.0000000+00:00
P00904,422554.57,5771776.72,3.170,2026-03-02T23:04:00.0000000+00:00
P00905,411139.94,5726686.30,43.847,2026-03-02T23:05:00.0000000+00:00
P00906,458630.66,5718379.34,38.858,2026-03-02T23:06:00.0000000+00:00
P00907,415777.12,5714932.24,41.580,2026-03-02T23:07:00.0000000+00:00
P00908,478627.89,5704908.27,76.248,2026-03-02T23:08:00.0000000+00:00
P00909,494742.60,5744451.53,20.527,2026-03-02T23:09:00.0000000+00:00
P00910,423880.90,5776256.91,88.714,2026-03-02T23:10:00.0000000+00:00
P00911,418624.30,5788622.38,49.028,2026-03-02T23:11:00.0000000+00:00
P00912,486700.26,5709361.85,47.746,2026-03-02T23:12:00.0000000+00:00
P00913,413448.97,5711324.13,84.145,2026-03-02T23:13:00.0000000+00:00
P00914,412119.83,5709892.01,32.886,2026-03-02T23:14:00.0000000+00:00
P00915,440331.05,5744203.65,9.528,2026-03-02T23:15:00.0000000+00:00
P00916,409610.23,5713276.43,5.155,2026-03-02T23:16:00.0000000+00:00
P00917,469382.39,5733521.02,36.585,2026-03-02T23:17:00.0000000+00:00
P00918,415483.08,5707645.69,35.245,2026-03-02T23:18:00.0000000+00:00
P00919,441464.10,5796562.61,71.150,2026-03-02T23:19:00.0000000+00:00
P00920,461592.16,5794688.99,88.498,2026-03-02T23:20:00.0000000+00:00
P00921,458665.21,5715497.56,68.285,2026-03-02T23:21:00.0000000+00:00
P00922,461356.70,5791734.95,39.540,2026-03-02T23:22:00.0000000+00:00
P00923,480987.10,5743003.51,77.268,2026-03-02T23:23:00.0000000+00:00
P00924,481007.70,5766073.19,21.007,2026-03-02T23:24:00.0000000+00:00
P00925,456325.47,5744168.98,73.893,2026-03-02T23:25:00.0000000+00:00
P00926,420827.69,5741213.83,39.196,2026-03-02T23:26:00.0000000+00:00
P00927,443078.59,5732516.79,7.695,2026-03-02T23:27:00.0000000+00:00
P00928,432805.45,5765718.42,72.696,2026-03-02T23:28:00.0000000+00:00
P00929,472017.10,5730426.67,17.280,2026-03-02T23:29:00.0000000+00:00
P00930,483810.39,5796985.14,0.284,2026-03-02T23:30:00.0000000+00:00
P00931,484370.63,5788145.02,67.749,2026-03-02T23:31:00.0000000+00:00
P00932,412825.97,5766704.23,7.273,2026-03-02T23:32:00.0000000+00:00
P00933,494361.01,5762050.96,78.784,2026-03-02T23:33:00.0000000+00:00
P00934,435074.13,5767102.74,23.715,2026-03-02T23:34:00.0000000+00:00
P00935,458887.53,5750449.13,89.043,2026-03-02T23:35:00.0000000+00:00
P00936,422622.28,5758861.04,85.453,2026-03-02T23:36:00.0000000+00:00
P00937,481407.30,5770677.90,26.834,2026-03-02T23:37:00.0000000+00:00
P00938,402960.48,5702038.03,66.170,2026-03-02T23:38:00.0000000+00:00
P00939,465977.87,5752144.18,71.863,2026-03-02T23:39:00.0000000+00:00
P00940,461342.09,5736863.16,39.219,2026-03-02T23:40:00.0000000+00:00
P00941,424527.99,5797523.62,0.798,2026-03-02T23:41:00.0000000+00:00
P00942,468484.90,5707165.16,13.564,2026-03-02T23:42:00.0000000+00:00
P00943,407789.44,5784102.83,64.776,2026-03-02T23:43:00.0000000+00:00
P00944,469541.55,5779568.33,42.125,2026-03-02T23:44:00.0000000+00:00
P00945,452227.04,5748744.72,38.848,2026-03-02T23:45:00.0000000+00:00
P00946,408497.64,5786852.48,59.300,2026-03-02T23:46:00.0000000+00:00
P00947,485886.40,5747849.22,31.831,2026-03-02T23:47:00.0000000+00:00
P00948,409896.49,5772177.95,9.352,2026-03-02T23:48:00.0000000+00:00
P00949,402244.77,5738321.59,42.877,2026-03-02T23:49:00.0000000+00:00
P00950,442393.91,5752432.84,9.966,2026-03-02T23:50:00.0000000+00:00
P00951,431118.95,5747561.22,7.502,2026-03-02T23:51:00.0000000+00:00
P00952,469619.59,5778119.54,88.309,2026-03-02T23:52:00.0000000+00:00
P00953,429766.47,5721211.96,21.979,2026-03-02T23:53:00.0000000+00:00
P00954,440359.56,5793377.13,63.650,2026-03-02T23:54:00.0000000+00:00
P00955,446548.49,5717818.99,5.750,2026-03-02T23:55:00.0000000+00:00
P00956,477626.00,5730524.51,81.386,2026-03-02T23:56:00.0000000+00:00
P00957,435597.87,5741097.21,23.516,2026-03-02T23:57:00.0000000+00:00
P00958,457178.48,5779844.07,26.996,2026-03-02T23:58:00.0000000+00:00
P00959,466513.45,5767647.54,40.535,2026-03-02T23:59:00.0000000+00:00
P00960,403289.17,5725699.82,68.589,2026-03-03T00:00:00.0000000+00:00
P00961,432452.70,5752752.03,68.969,2026-03-03T00:01:00.0000000+00:00
P00962,400391.78,5756307.82,54.358,2026-03-03T00:02:00.0000000+00:00
P00963,456820.18,5730500.41,50.220,2026-03-03T00:03:00.0000000+00:00
P00964,485233.39,5719769.18,29.603,2026-03-03T00:04:00.0000000+00:00
P00965,407425.23,5756271.76,43.733,2026-03-03T00:05:00.0000000+00:00
P00966,412926.53,5711854.82,80.555,2026-03-03T00:06:00.0000000+00:00
P00967,498901.54,5771784.82,6.508,2026-03-03T00:07:00.0000000+00:00
P00968,443351.83,5785173.31,87.261,2026-03-03T00:08:00.0000000+00:00
P00969,423048.61,5761402.03,87.366,2026-03-03T00:09:00.0000000+00:00
P00970,439171.14,5737879.92,86.533,2026-03-03T00:10:00.0000000+00:00
P00971,440636.23,5730691.82,62.076,2026-03-03T00:11:00.0000000+00:00
P00972,424035.74,5728997.74,38.021,2026-03-03T00:12:00.0000000+00:00
P00973,450284.02,5732127.68,67.486,2026-03-03T00:13:00.0000000+00:00
P00974,475162.75,5725419.30,48.863,2026-03-03T00:14:00.0000000+00:00
P00975,411983.09,5755865.75,38.751,2026-03-03T00:15:00.0000000+00:00
P00976,417683.06,5758513.18,38.835,2026-03-03T00:16:00.0000000+00:00
P00977,420205.60,5714267.77,6.230,2026-03-03T00:17:00.0000000+00:00
P00978,497178.48,5718745.59,48.949,2026-03-03T00:18:00.0000000+00:00
P00979,404476.70,5739484.89,15.199,2026-03-03T00:19:00.0000000+00:00
P00980,427884.10,5769490.44,63.603,2026-03-03T00:20:00.0000000+00:00
P00981,451830.48,5731678.53,51.363,2026-03-03T00:21:00.0000000+00:00
P00982,443621.31,5759996.48,43.143,2026-03-03T00:22:00.0000000+00:00
P00983,434417.97,5767946.02,29.058,2026-03-03T00:23:00.0000000+00:00
P00984,467581.52,5755952.60,63.726,2026-03-03T00:24:00.0000000+00:00
P00985,435677.28,5789234.38,81.317,2026-03-03T00:25:00.0000000+00:00
P00986,414108.75,5789493.53,23.589,2026-03-03T00:26:00.0000000+00:00
P00987,491350.43,5790855.82,14.215,2026-03-03T00:27:00.0000000+00:00
P00988,434956.55,5721632.25,49.195,2026-03-03T00:28:00.0000000+00:00
P00989,452003.25,5777623.63,69.182,2026-03-03T00:29:00.0000000+00:00
P00990,404410.90,5778012.58,16.287,2026-03-03T00:30:00.0000000+00:00
P00991,447100.05,5741208.28,30.728,2026-03-03T00:31:00.0000000+00:00
P00992,424884.80,5772038.09,9.895,2026-03-03T00:32:00.0000000+00:00
P00993,414959.85,5737071.34,23.148,2026-03-03T00:33:00.0000000+00:00
P00994,451053.10,5773714.69,77.651,2026-03-03T00:34:00.0000000+00:00
P00995,454136.50,5799056.71,44.347,2026-03-03T00:35:00.0000000+00:00
P00996,480923.32,5725185.62,31.105,2026-03-03T00:36:00.0000000+00:00
P00997,480331.06,5721526.48,0.742,2026-03-03T00:37:00.0000000+00:00
P00998,447529.42,5714454.88,43.916,2026-03-03T00:38:00.0000000+00:00
P00999,481148.69,5764959.63,7.075,2026-03-03T00:39:00.0000000+00:00
P01000,455051.77,5718499.76,66.839,2026-03-03T00:40:00.0000000+00:00
P01001,473768.53,5731017.37,25.786,2026-03-03T00:41:00.0000000+00:00
P01002,464387.52,5749861.26,48.192,2026-03-03T00:42:00.0000000+00:00
P01003,493299.02,5710347.99,19.435,2026-03-03T00:43:00.0000000+00:00
P01004,450647.66,5701718.07,81.794,2026-03-03T00:44:00.0000000+00:00
P01005,469770.17,5724418.17,6.578,2026-03-03T00:45:00.0000000+00:00
P01006,492087.04,5732620.37,67.466,2026-03-03T00:46:00.0000000+00:00
P01007,443244.10,5714905.35,21.958,2026-03-03T00:47:00.0000000+00:00
P01008,441751.54,5715917.45,62.056,2026-03-03T00:48:00.0000000+00:00
P01009,497239.55,5755296.74,22.080,2026-03-03T00:49:00.0000000+00:00
P01010,482269.66,5763487.51,60.103,2026-03-03T00:50:00.0000000+00:00
P01011,454264.46,5745829.91,30.498,2026-03-03T00:51:00.0000000+00:00
P01012,486617.55,5727209.63,50.119,2026-03-03T00:52:00.0000000+00:00
P01013,428660.14,5742423.05,59.354,2026-03-03T00:53:00.0000000+00:00
P01014,463580.24,5747849.18,18.514,2026-03-03T00:54:00.0000000+00:00
P01015,402579.17,5778764.24,49.087,2026-03-03T00:55:00.0000000+00:00
P01016,483123.91,5742684.04,73.768,2026-03-03T00:56:00.0000000+00:00
P01017,450016.49,5720265.66,53.141,2026-03-03T00:57:00.0000000+00:00
P01018,478481.33,5799392.43,41.105,2026-03-03T00:58:00.0000000+00:00
P01019,465590.76,5700632.28,79.434,2026-03-03T00:59:00.0000000+00:00
P01020,462500.35,5726432.94,80.172,2026-03-03T01:00:00.0000000+00:00
P01021,471091.62,5700490.18,72.644,2026-03-03T01:01:00.0000000+00:00
P01022,469231.24,5733369.65,50.159,2026-03-03T01:02:00.0000000+00:00
P01023,415195.97,5764943.33,36.868,2026-03-03T01:03:00.0000000+00:00
P01024,452047.59,5770881.68,53.788,2026-03-03T01:04:00.0000000+00:00
P01025,408080.55,5703783.99,37.459,2026-03-03T01:05:00.0000000+00:00
P01026,450439.55,5760358.03,85.970,2026-03-03T01:06:00.0000000+00:00
P01027,413636.59,5752888.34,66.221,2026-03-03T01:07:00.0000000+00:00
P01028,477214.00,5720542.84,11.904,2026-03-03T01:08:00.0000000+00:00
P01029,478545.28,5795290.39,38.302,2026-03-03T01:09:00.0000000+00:00
P01030,446362.02,5702995.21,9.255,2026-03-03T01:10:00.0000000+00:00
P01031,460700.70,5782050.87,13.002,2026-03-03T01:11:00.0000000+00:00
P01032,455568.12,5702549.67,18.802,2026-03-03T01:12:00.0000000+00:00
P01033,433966.17,5785050.48,81.589,2026-03-03T01:13:00.0000000+00:00
P01034,458329.23,5742267.13,18.132,2026-03-03T01:14:00.0000000+00:00
P01035,450680.10,5713283.30,50.920,2026-03-03T01:15:00.0000000+00:00
P01036,494098.92,5749567.27,66.041,2026-03-03T01:16:00.0000000+00:00
P01037,440117.89,5784928.20,26.006,2026-03-03T01:17:00.0000000+00:00
P01038,487871.10,5708690.15,5.252,2026-03-03T01:18:00.0000000+00:00
P01039,445157.97,5711942.44,56.870,2026-03-03T01:19:00.0000000+00:00
P01040,483248.47,5749386.68,33.042,2026-03-03T01:20:00.0000000+00:00
P01041,486946.25,5755512.10,66.280,2026-03-03T01:21:00.0000000+00:00
P01042,430694.06,5742929.80,7.011,2026-03-03T01:22:00.0000000+00:00
P01043,474047.38,5794237.41,22.099,2026-03-03T01:23:00.0000000+00:00
P01044,404587.35,5705253.88,76.590,2026-03-03T01:24:00.0000000+00:00
P01045,480117.50,5728727.62,39.268,2026-03-03T01:25:00.0000000+00:00
P01046,454725.71,5753097.80,30.037,2026-03-03T01:26:00.0000000+00:00
P01047,445145.77,5736947.80,75.990,2026-03-03T01:27:00.0000000+00:00
P01048,482274.64,5789053.10,62.252,2026-03-03T01:28:00.0000000+00:00
P01049,492804.41,5721848.39,57.010,2026-03-03T01:29:00.0000000+00:00
P01050,498995.98,5740425.96,27.236,2026-03-03T01:30:00.0000000+00:00
P01051,499342.68,5762470.16,23.372,2026-03-03T01:31:00.0000000+00:00
P01052,448054.93,5704650.90,86.481,2026-03-03T01:32:00.0000000+00:00
P01053,473005.23,5751318.06,5.207,2026-03-03T01:33:00.0000000+00:00
P01054,469958.69,5780107.03,62.024,2026-03-03T01:34:00.0000000+00:00
P01055,405020.15,5707159.52,73.344,2026-03-03T01:35:00.0000000+00:00
P01056,463293.48,5747008.13,73.161,2026-03-03T01:36:00.0000000+00:00
P01057,436544.66,5738006.51,56.766,2026-03-03T01:37:00.0000000+00:00
P01058,420622.02,5745175.73,59.402,2026-03-03T01:38:00.0000000+00:00
P01059,449746.92,5793062.19,23.610,2026-03-03T01:39:00.0000000+00:00
P01060,443563.95,5798450.59,9.109,2026-03-03T01:40:00.0000000+00:00
P01061,430090.96,5711682.70,24.478,2026-03-03T01:41:00.0000000+00:00
P01062,401099.59,5742689.35,62.395,2026-03-03T01:42:00.0000000+00:00
P01063,482767.18,5706592.03,74.674,2026-03-03T01:43:00.0000000+00:00
P01064,457309.31,5748863.66,2.889,2026-03-03T01:44:00.0000000+00:00
P01065,441436.43,5722100.85,62.853,2026-03-03T01:45:00.0000000+00:00
P01066,417713.76,5755175.27,19.667,2026-03-03T01:46:00.0000000+00:00
P01067,464922.50,5775060.97,65.066,2026-03-03T01:47:00.0000000+00:00
P01068,497528.14,5723064.53,33.083,2026-03-03T01:48:00.0000000+00:00
P01069,454452.40,5713055.31,2.797,2026-03-03T01:49:00.0000000+00:00
P01070,462057.63,5793737.22,25.835,2026-03-03T01:50:00.0000000+00:00
P01071,425719.15,5790015.57,15.931,2026-03-03T01:51:00.0000000+00:00
P01072,484414.55,5796444.39,34.323,2026-03-03T01:52:00.0000000+00:00
P01073,492373.59,5758639.42,62.876,2026-03-03T01:53:00.0000000+00:00
P01074,465863.87,5706756.13,28.296,2026-03-03T01:54:00.0000000+00:00
P01075,472333.86,5773880.75,58.585,2026-03-03T01:55:00.0000000+00:00
P01076,472975.42,5721757.91,64.575,2026-03-03T01:56:00.0000000+00:00
P01077,416684.40,5797149.29,62.812,2026-03-03T01:57:00.0000000+00:00
P01078,411943.14,5701480.80,34.427,2026-03-03T01:58:00.0000000+00:00
P01079,421119.19,5793737.06,51.407,2026-03-03T01:59:00.0000000+00:00
P01080,476827.12,5783624.60,76.307,2026-03-03T02:00:00.0000000+00:00
P01081,419254.08,5790652.37,60.964,2026-03-03T02:01:00.0000000+00:00
P01082,410603.00,5788319.01,22.291,2026-03-03T02:02:00.0000000+00:00
P01083,490544.35,5718906.25,1.169,2026-03-03T02:03:00.0000000+00:00
P01084,428173.91,5748054.31,48.451,2026-03-03T02:04:00.0000000+00:00
P01085,464824.66,5785275.81,13.596,2026-03-03T02:05:00.0000000+00:00
P01086,473881.56,5755263.66,9.600,2026-03-03T02:06:00.0000000+00:00
P01087,490550.74,5747670.05,63.377,2026-03-03T02:07:00.0000000+00:00
P01088,454403.19,5794413.64,13.209,2026-03-03T02:08:00.0000000+00:00
P01089,421843.51,5710235.66,28.933,2026-03-03T02:09:00.0000000+00:00
P01090,482690.88,5754701.45,65.999,2026-03-03T02:10:00.0000000+00:00
P01091,411137.29,5786247.28,24.691,2026-03-03T02:11:00.0000000+00:00
P01092,473920.24,5725259.58,31.277,2026-03-03T02:12:00.0000000+00:00
P01093,469267.23,5721547.10,69.343,2026-03-03T02:13:00.0000000+00:00
P01094,450722.00,5751434.64,53.633,2026-03-03T02:14:00.0000000+00:00
P01095,449393.07,5724133.61,75.225,2026-03-03T02:15:00.0000000+00:00
P01096,405357.45,5701002.47,84.404,2026-03-03T02:16:00.0000000+00:00
P01097,451498.25,5792732.25,81.913,2026-03-03T02:17:00.0000000+00:00
P01098,495699.62,5716269.82,87.090,2026-03-03T02:18:00.0000000+00:00
P01099,471778.72,5711344.20,85.727,2026-03-03T02:19:00.0000000+00:00
P01100,448535.46,5770431.22,71.200,2026-03-03T02:20:00.0000000+00:00
P01101,445023.11,5740426.02,48.899,2026-03-03T02:21:00.0000000+00:00
P01102,426706.21,5729175.81,52.510,2026-03-03T02:22:00.0000000+00:00
P01103,441578.25,5709635.60,61.961,2026-03-03T02:23:00.0000000+00:00
P01104,447106.66,5709774.15,81.113,2026-03-03T02:24:00.0000000+00:00
P01105,411232.84,5750237.28,89.471,2026-03-03T02:25:00.0000000+00:00
P01106,470064.28,5746417.72,72.786,2026-03-03T02:26:00.0000000+00:00
P01107,450931.93,5709505.26,50.758,2026-03-03T02:27:00.0000000+00:00
P01108,479907.90,5713573.60,70.693,2026-03-03T02:28:00.0000000+00:00
P01109,463152.88,5778200.74,68.124,2026-03-03T02:29:00.0000000+00:00
P01110,410283.29,5721826.29,82.685,2026-03-03T02:30:00.0000000+00:00
P01111,439733.98,5722401.82,9.301,2026-03-03T02:31:00.0000000+00:00
P01112,404621.68,5745232.30,8.756,2026-03-03T02:32:00.0000000+00:00
P01113,486663.20,5711047.33,31.994,2026-03-03T02:33:00.0000000+00:00
P01114,497757.50,5706154.80,58.107,2026-03-03T02:34:00.0000000+00:00
P01115,468909.95,5752861.33,56.502,2026-03-03T02:35:00.0000000+00:00
P01116,456824.21,5701566.40,77.573,2026-03-03T02:36:00.0000000+00:00
P01117,453450.97,5779739.83,50.099,2026-03-03T02:37:00.0000000+00:00
P01118,424097.32,5779312.02,78.549,2026-03-03T02:38:00.0000000+00:00
P01119,401381.76,5794829.22,28.405,2026-03-03T02:39:00.0000000+00:00
P01120,462368.58,5733428.11,11.151,2026-03-03T02:40:00.0000000+00:00
P01121,477322.70,5706512.94,66.873,2026-03-03T02:41:00.0000000+00:00
P01122,474035.45,5734243.53,72.373,2026-03-03T02:42:00.0000000+00:00
P01123,419690.14,5795242.96,51.328,2026-03-03T02:43:00.0000000+00:00
P01124,431394.66,5708203.97,29.860,2026-03-03T02:44:00.0000000+00:00
P01125,455431.34,5790497.61,70.277,2026-03-03T02:45:00.0000000+00:00
P01126,423899.41,5784686.64,5.850,2026-03-03T02:46:00.0000000+00:00
P01127,403395.29,5758006.92,25.419,2026-03-03T02:47:00.0000000+00:00
P01128,420713.47,5795889.57,2.169,2026-03-03T02:48:00.0000000+00:00
P01129,445280.66,5702014.00,72.468,2026-03-03T02:49:00.0000000+00:00
P01130,406981.79,5738024.20,35.397,2026-03-03T02:50:00.0000000+00:00
P01131,496812.12,5767067.06,26.387,2026-03-03T02:51:00.0000000+00:00
P01132,452614.55,5708299.10,83.276,2026-03-03T02:52:00.0000000+00:00
P01133,474889.39,5737747.66,69.849,2026-03-03T02:53:00.0000000+00:00
P01134,490140.97,5731723.73,14.124,2026-03-03T02:54:00.0000000+00:00
P01135,425724.23,5761454.37,51.266,2026-03-03T02:55:00.0000000+00:00
P01136,447026.82,5789585.18,85.155,2026-03-03T02:56:00.0000000+00:00
P01137,474851.14,5717842.57,4.475,2026-03-03T02:57:00.0000000+00:00
P01138,408671.35,5773273.74,23.409,2026-03-03T02:58:00.0000000+00:00
P01139,409096.40,5702227.53,27.416,2026-03-03T02:59:00.0000000+00:00
P01140,408008.23,5797230.54,72.064,2026-03-03T03:00:00.0000000+00:00
P01141,477261.14,5797562.81,56.099,2026-03-03T03:01:00.0000000+00:00
P01142,438100.56,5744201.22,82.629,2026-03-03T03:02:00.0000000+00:00
P01143,467103.32,5792991.84,58.806,2026-03-03T03:03:00.0000000+00:00
P01144,439216.51,5797722.20,25.168,2026-03-03T03:04:00.0000000+00:00
P01145,424422.93,5752570.47,9.719,2026-03-03T03:05:00.0000000+00:00
P01146,418340.20,5733429.11,71.901,2026-03-03T03:06:00.0000000+00:00
P01147,450007.27,5771924.63,32.690,2026-03-03T03:07:00.0000000+00:00
P01148,496707.86,5749263.39,77.973,2026-03-03T03:08:00.0000000+00:00
P01149,448644.23,5758433.16,13.293,2026-03-03T03:09:00.0000000+00:00
P01150,408731.56,5786026.80,51.692,2026-03-03T03:10:00.0000000+00:00
P01151,457366.90,5746350.72,3.711,2026-03-03T03:11:00.0000000+00:00
P01152,429551.55,5753055.02,30.378,2026-03-03T03:12:00.0000000+00:00
P01153,408748.75,5715167.28,21.418,2026-03-03T03:13:00.0000000+00:00
P01154,467613.85,5707973.55,89.864,2026-03-03T03:14:00.0000000+00:00
P01155,413469.01,5704913.04,2.231,2026-03-03T03:15:00.0000000+00:00
P01156,404113.69,5769795.02,5.460,2026-03-03T03:16:00.0000000+00:00
P01157,422678.24,5783083.78,8.302,2026-03-03T03:17:00.0000000+00:00
P01158,444320.45,5789708.20,7.394,2026-03-03T03:18:00.0000000+00:00
P01159,414216.80,5732879.44,11.720,2026-03-03T03:19:00.0000000+00:00
P01160,461243.02,5790844.59,52.020,2026-03-03T03:20:00.0000000+00:00
P01161,466246.25,5753056.29,88.648,2026-03-03T03:21:00.0000000+00:00
P01162,468035.06,5769910.69,5.994,2026-03-03T03:22:00.0000000+00:00
P01163,458742.89,5775480.77,9.535,2026-03-03T03:23:00.0000000+00:00
P01164,496702.92,5793974.65,80.226,2026-03-03T03:24:00.0000000+00:00
P01165,490315.59,5756248.97,37.037,2026-03-03T03:25:00.0000000+00:00
P01166,455233.62,5765578.81,10.841,2026-03-03T03:26:00.0000000+00:00
P01167,477204.14,5747054.24,47.017,2026-03-03T03:27:00.0000000+00:00
P01168,469568.45,5774023.33,76.235,2026-03-03T03:28:00.0000000+00:00
P01169,496570.83,5791297.37,56.659,2026-03-03T03:29:00.0000000+00:00
P01170,408078.00,5735678.30,35.388,2026-03-03T03:30:00.0000000+00:00
P01171,408577.70,5764575.66,12.432,2026-03-03T03:31:00.0000000+00:00
P01172,433849.77,5777652.91,0.964,2026-03-03T03:32:00.0000000+00:00
P01173,406459.71,5740301.92,86.447,2026-03-03T03:33:00.0000000+00:00
P01174,448597.56,5774453.32,1.579,2026-03-03T03:34:00.0000000+00:00
P01175,412500.17,5799500.99,65.110,2026-03-03T03:35:00.0000000+00:00
P01176,448509.46,5774914.08,14.822,2026-03-03T03:36:00.0000000+00:00
P01177,437193.03,5731271.30,89.077,2026-03-03T03:37:00.0000000+00:00
P01178,445910.05,5783022.94,27.914,2026-03-03T03:38:00.0000000+00:00
P01179,425660.15,5704946.90,73.826,2026-03-03T03:39:00.0000000+00:00
P01180,464372.75,5769117.06,48.959,2026-03-03T03:40:00.0000000+00:00
P01181,443775.34,5704758.66,38.537,2026-03-03T03:41:00.0000000+00:00
P01182,421499.98,5755515.58,49.924,2026-03-03T03:42:00.0000000+00:00
P01183,413428.17,5757263.66,78.958,2026-03-03T03:43:00.0000000+00:00
P01184,474912.17,5787028.08,66.570,2026-03-03T03:44:00.0000000+00:00
P01185,406098.57,5764929.92,39.404,2026-03-03T03:45:00.0000000+00:00
P01186,413158.30,5749844.35,78.653,2026-03-03T03:46:00.0000000+00:00
P01187,402988.79,5762494.29,66.326,2026-03-03T03:47:00.0000000+00:00
P01188,435902.67,5760858.12,69.639,2026-03-03T03:48:00.0000000+00:00
P01189,425417.97,5789118.73,28.359,2026-03-03T03:49:00.0000000+00:00
P01190,408926.35,5760276.47,54.852,2026-03-03T03:50:00.0000000+00:00
P01191,488810.29,5754375.15,40.244,2026-03-03T03:51:00.0000000+00:00
P01192,442564.78,5730877.91,57.074,2026-03-03T03:52:00.0000000+00:00
P01193,433401.45,5744234.54,64.063,2026-03-03T03:53:00.0000000+00:00
P01194,496222.93,5779983.00,60.461,2026-03-03T03:54:00.0000000+00:00
P01195,451293.39,5798823.13,23.512,2026-03-03T03:55:00.0000000+00:00
P01196,405091.55,5718793.77,36.441,2026-03-03T03:56:00.0000000+00:00
P01197,478265.20,5722766.36,62.994,2026-03-03T03:57:00.0000000+00:00
P01198,433111.33,5733948.81,35.860,2026-03-03T03:58:00.0000000+00:00
P01199,491759.54,5763512.53,46.669,2026-03-03T03:59:00.0000000+00:00
P01200,405266.87,5762448.08,57.049,2026-03-03T04:00:00.0000000+00:00
P01201,425637.28,5751721.79,78.084,2026-03-03T04:01:00.0000000+00:00
P01202,488678.56,5705158.00,68.513,2026-03-03T04:02:00.0000000+00:00
P01203,483555.59,5723587.80,61.332,2026-03-03T04:03:00.0000000+00:00
P01204,412241.69,5700118.12,19.718,2026-03-03T04:04:00.0000000+00:00
P01205,487766.51,5703856.51,64.526,2026-03-03T04:05:00.0000000+00:00
P01206,481669.70,5756987.17,9.412,2026-03-03T04:06:00.0000000+00:00
P01207,447715.53,5746719.25,83.836,2026-03-03T04:07:00.0000000+00:00
P01208,480940.91,5778417.12,63.916,2026-03-03T04:08:00.0000000+00:00
P01209,443361.24,5720040.29,86.941,2026-03-03T04:09:00.0000000+00:00
P01210,404811.12,5706621.79,82.356,2026-03-03T04:10:00.0000000+00:00
P01211,404550.36,5784181.52,16.060,2026-03-03T04:11:00.0000000+00:00
P01212,494393.65,5749065.82,29.143,2026-03-03T04:12:00.0000000+00:00
P01213,486574.86,5776679.16,28.304,2026-03-03T04:13:00.0000000+00:00
P01214,493433.75,5780739.12,7.472,2026-03-03T04:14:00.0000000+00:00
P01215,432562.52,5774134.62,11.978,2026-03-03T04:15:00.0000000+00:00
P01216,434638.67,5761681.11,18.561,2026-03-03T04:16:00.0000000+00:00
P01217,499479.28,5773197.72,15.046,2026-03-03T04:17:00.0000000+00:00
P01218,442564.61,5791887.05,38.092,2026-03-03T04:18:00.0000000+00:00
P01219,417484.88,5781127.76,77.161,2026-03-03T04:19:00.0000000+00:00
P01220,454926.92,5728351.36,17.659,2026-03-03T04:20:00.0000000+00:00
P01221,431906.31,5752696.51,42.649,2026-03-03T04:21:00.0000000+00:00
P01222,452635.75,5765708.20,15.034,2026-03-03T04:22:00.0000000+00:00
P01223,457251.21,5757896.76,62.474,2026-03-03T04:23:00.0000000+00:00
P01224,455369.26,5709934.64,40.246,2026-03-03T04:24:00.0000000+00:00
P01225,416720.58,5781409.45,50.286,2026-03-03T04:25:00.0000000+00:00
P01226,427781.62,5708389.07,36.861,2026-03-03T04:26:00.0000000+00:00
P01227,451981.91,5713345.26,47.670,2026-03-03T04:27:00.0000000+00:00
P01228,443536.96,5771374.77,17.653,2026-03-03T04:28:00.0000000+00:00
P01229,458299.78,5722660.80,73.931,2026-03-03T04:29:00.0000000+00:00
P01230,455997.67,5786228.28,31.892,2026-03-03T04:30:00.0000000+00:00
P01231,483577.07,5719394.37,83.544,2026-03-03T04:31:00.0000000+00:00
P01232,495011.49,5780587.71,21.783,2026-03-03T04:32:00.0000000+00:00
P01233,434103.28,5773750.42,19.484,2026-03-03T04:33:00.0000000+00:00
P01234,453296.38,5739544.16,78.772,2026-03-03T04:34:00.0000000+00:00
P01235,406007.46,5781001.15,46.734,2026-03-03T04:35:00.0000000+00:00
P01236,499940.23,5756849.24,38.459,2026-03-03T04:36:00.0000000+00:00
P01237,447665.06,5704173.16,74.689,2026-03-03T04:37:00.0000000+00:00
P01238,484791.86,5754785.44,42.530,2026-03-03T04:38:00.0000000+00:00
P01239,419404.13,5745662.37,67.955,2026-03-03T04:39:00.0000000+00:00
P01240,449678.67,5719966.42,27.458,2026-03-03T04:40:00.0000000+00:00
P01241,473421.79,5798717.07,64.001,2026-03-03T04:41:00.0000000+00:00
P01242,421466.09,5785143.27,85.148,2026-03-03T04:42:00.0000000+00:00
P01243,444228.36,5756280.70,28.006,2026-03-03T04:43:00.0000000+00:00
P01244,422475.61,5700079.27,86.381,2026-03-03T04:44:00.0000000+00:00
P01245,427790.62,5749228.61,67.757,2026-03-03T04:45:00.0000000+00:00
P01246,425971.05,5775462.58,39.029,2026-03-03T04:46:00.0000000+00:00
P01247,470218.77,5714786.54,20.368,2026-03-03T04:47:00.0000000+00:00
P01248,467942.91,5717913.30,84.383,2026-03-03T04:48:00.0000000+00:00
P01249,439221.79,5736308.19,17.693,2026-03-03T04:49:00.0000000+00:00
P01250,445805.45,5783948.60,71.096,2026-03-03T04:50:00.0000000+00:00
P01251,450894.60,5735536.09,1.896,2026-03-03T04:51:00.0000000+00:00
P01252,439395.85,5792815.53,0.535,2026-03-03T04:52:00.0000000+00:00
P01253,485825.67,5738783.63,53.042,2026-03-03T04:53:00.0000000+00:00
P01254,420231.96,5768516.10,19.953,2026-03-03T04:54:00.0000000+00:00
P01255,439469.06,5785876.06,11.980,2026-03-03T04:55:00.0000000+00:00
P01256,418988.09,5798312.05,3.627,2026-03-03T04:56:00.0000000+00:00
P01257,401282.58,5789748.28,82.076,2026-03-03T04:57:00.0000000+00:00
P01258,445568.85,5778677.82,30.518,2026-03-03T04:58:00.0000000+00:00
P01259,430586.82,5785530.79,36.823,2026-03-03T04:59:00.0000000+00:00
P01260,441155.40,5737994.40,62.952,2026-03-03T05:00:00.0000000+00:00
P01261,403798.33,5773457.94,30.907,2026-03-03T05:01:00.0000000+00:00
P01262,455270.80,5764044.76,55.013,2026-03-03T05:02:00.0000000+00:00
P01263,414489.91,5705578.60,58.362,2026-03-03T05:03:00.0000000+00:00
P01264,416698.56,5773088.34,67.299,2026-03-03T05:04:00.0000000+00:00
P01265,412494.39,5769306.15,57.637,2026-03-03T05:05:00.0000000+00:00
P01266,424764.61,5788679.94,21.581,2026-03-03T05:06:00.0000000+00:00
P01267,434200.50,5751521.87,24.528,2026-03-03T05:07:00.0000000+00:00
P01268,487798.54,5720567.84,58.483,2026-03-03T05:08:00.0000000+00:00
P01269,476778.80,5774773.01,21.131,2026-03-03T05:09:00.0000000+00:00
P01270,422136.69,5757796.43,74.950,2026-03-03T05:10:00.0000000+00:00
P01271,421438.39,5716753.00,46.008,2026-03-03T05:11:00.0000000+00:00
P01272,412718.19,5767553.47,23.144,2026-03-03T05:12:00.0000000+00:00
P01273,484725.28,5729288.20,41.209,2026-03-03T05:13:00.0000000+00:00
P01274,409369.28,5774057.20,35.836,2026-03-03T05:14:00.0000000+00:00
P01275,488945.23,5737660.75,65.546,2026-03-03T05:15:00.0000000+00:00
P01276,400308.90,5768483.56,59.881,2026-03-03T05:16:00.0000000+00:00
P01277,436063.87,5703302.19,64.452,2026-03-03T05:17:00.0000000+00:00
P01278,480793.29,5753638.60,15.946,2026-03-03T05:18:00.0000000+00:00
P01279,483864.01,5723530.36,30.539,2026-03-03T05:19:00.0000000+00:00
P01280,421019.00,5700139.33,10.282,2026-03-03T05:20:00.0000000+00:00
P01281,463195.37,5747578.12,42.359,2026-03-03T05:21:00.0000000+00:00
P01282,446014.28,5762272.41,75.587,2026-03-03T05:22:00.0000000+00:00
P01283,417641.89,5756946.28,36.098,2026-03-03T05:23:00.0000000+00:00
P01284,430022.28,5705995.42,82.705,2026-03-03T05:24:00.0000000+00:00
P01285,431144.63,5756529.14,31.660,2026-03-03T05:25:00.0000000+00:00
P01286,487999.02,5776091.75,50.342,2026-03-03T05:26:00.0000000+00:00
P01287,497676.67,5782139.17,12.887,2026-03-03T05:27:00.0000000+00:00
P01288,432422.42,5717656.64,17.444,2026-03-03T05:28:00.0000000+00:00
P01289,496986.92,5760312.90,2.827,2026-03-03T05:29:00.0000000+00:00
P01290,422246.20,5745530.77,73.837,2026-03-03T05:30:00.0000000+00:00
P01291,479447.31,5792854.96,47.812,2026-03-03T05:31:00.0000000+00:00
P01292,482671.42,5733140.22,28.722,2026-03-03T05:32:00.0000000+00:00
P01293,427731.12,5714410.17,9.489,2026-03-03T05:33:00.0000000+00:00
P01294,452865.66,5744243.12,15.432,2026-03-03T05:34:00.0000000+00:00
P01295,405701.97,5799903.93,47.362,2026-03-03T05:35:00.0000000+00:00
P01296,488691.20,5786178.98,34.827,2026-03-03T05:36:00.0000000+00:00
P01297,495886.36,5789564.36,73.766,2026-03-03T05:37:00.0000000+00:00
P01298,411353.74,5761090.88,56.907,2026-03-03T05:38:00.0000000+00:00
P01299,468299.04,5709687.96,21.153,2026-03-03T05:39:00.0000000+00:00
P01300,439465.67,5713902.49,81.554,2026-03-03T05:40:00.0000000+00:00
P01301,481332.89,5789768.96,30.105,2026-03-03T05:41:00.0000000+00:00
P01302,486073.29,5774148.31,19.743,2026-03-03T05:42:00.0000000+00:00
P01303,459383.16,5784281.67,0.433,2026-03-03T05:43:00.0000000+00:00
P01304,482118.17,5735194.09,22.478,2026-03-03T05:44:00.0000000+00:00
P01305,426599.92,5796429.70,53.708,2026-03-03T05:45:00.0000000+00:00
P01306,468891.46,5745607.34,49.928,2026-03-03T05:46:00.0000000+00:00
P01307,486862.14,5740229.50,1.332,2026-03-03T05:47:00.0000000+00:00
P01308,416558.36,5783625.35,33.077,2026-03-03T05:48:00.0000000+00:00
P01309,431077.71,5766727.70,60.729,2026-03-03T05:49:00.0000000+00:00
P01310,420224.72,5764210.41,63.419,2026-03-03T05:50:00.0000000+00:00
P01311,414075.15,5770336.03,56.751,2026-03-03T05:51:00.0000000+00:00
P01312,428770.25,5761358.91,72.861,2026-03-03T05:52:00.0000000+00:00
P01313,403071.31,5715653.01,83.883,2026-03-03T05:53:00.0000000+00:00
P01314,464195.91,5754910.88,35.871,2026-03-03T05:54:00.0000000+00:00
P01315,404074.98,5778714.72,12.829,2026-03-03T05:55:00.0000000+00:00
P01316,428594.44,5744246.98,32.867,2026-03-03T05:56:00.0000000+00:00
P01317,462899.13,5773958.08,5.119,2026-03-03T05:57:00.0000000+00:00
P01318,446386.39,5791100.80,60.359,2026-03-03T05:58:00.0000000+00:00
P01319,457262.18,5779498.75,69.789,2026-03-03T05:59:00.0000000+00:00
P01320,487012.25,5775509.83,89.644,2026-03-03T06:00:00.0000000+00:00
P01321,496411.56,5711316.78,56.358,2026-03-03T06:01:00.0000000+00:00
P01322,441936.04,5795025.28,35.794,2026-03-03T06:02:00.0000000+00:00
P01323,414439.55,5784750.42,38.001,2026-03-03T06:03:00.0000000+00:00
P01324,496011.23,5730758.42,13.956,2026-03-03T06:04:00.0000000+00:00
P01325,403451.52,5767163.65,10.111,2026-03-03T06:05:00.0000000+00:00
P01326,411224.79,5713940.09,10.504,2026-03-03T06:06:00.0000000+00:00
P01327,400644.67,5776718.55,34.627,2026-03-03T06:07:00.0000000+00:00
P01328,440967.28,5779206.00,55.220,2026-03-03T06:08:00.0000000+00:00
P01329,494212.44,5783091.75,78.757,2026-03-03T06:09:00.0000000+00:00
P01330,433677.53,5740649.15,67.101,2026-03-03T06:10:00.0000000+00:00
P01331,468673.76,5793472.83,15.593,2026-03-03T06:11:00.0000000+00:00
P01332,465484.04,5743610.34,38.743,2026-03-03T06:12:00.0000000+00:00
P01333,423424.40,5784921.67,1.870,2026-03-03T06:13:00.0000000+00:00
P01334,416448.03,5791409.45,63.672,2026-03-03T06:14:00.0000000+00:00
P01335,428026.35,5792460.38,68.583,2026-03-03T06:15:00.0000000+00:00
P01336,409810.84,5793023.66,77.619,2026-03-03T06:16:00.0000000+00:00
P01337,469293.57,5710650.19,31.564,2026-03-03T06:17:00.0000000+00:00
P01338,478444.59,5701759.08,46.464,2026-03-03T06:18:00.0000000+00:00
P01339,490820.65,5751934.53,89.715,2026-03-03T06:19:00.0000000+00:00
P01340,418690.23,5705580.26,50.818,2026-03-03T06:20:00.0000000+00:00
P01341,466924.27,5729072.85,22.573,2026-03-03T06:21:00.0000000+00:00
P01342,481296.56,5754155.22,88.446,2026-03-03T06:22:00.0000000+00:00
P01343,476434.96,5768789.34,59.111,2026-03-03T06:23:00.0000000+00:00
P01344,465470.19,5783914.45,42.101,2026-03-03T06:24:00.0000000+00:00
P01345,406463.56,5785770.21,43.630,2026-03-03T06:25:00.0000000+00:00
P01346,456374.43,5701179.28,47.073,2026-03-03T06:26:00.0000000+00:00
P01347,427382.93,5735442.44,24.951,2026-03-03T06:27:00.0000000+00:00
P01348,492312.67,5766985.07,69.025,2026-03-03T06:28:00.0000000+00:00
P01349,402788.83,5756899.94,54.366,2026-03-03T06:29:00.0000000+00:00
P01350,497920.20,5779909.18,70.682,2026-03-03T06:30:00.0000000+00:00
P01351,471550.59,5708879.91,59.556,2026-03-03T06:31:00.0000000+00:00
P01352,443515.47,5743730.61,6.734,2026-03-03T06:32:00.0000000+00:00
P01353,475707.21,5791778.88,48.795,2026-03-03T06:33:00.0000000+00:00
P01354,443175.99,5779116.83,16.641,2026-03-03T06:34:00.0000000+00:00
P01355,406127.61,5782279.64,27.319,2026-03-03T06:35:00.0000000+00:00
P01356,427391.08,5714482.67,65.676,2026-03-03T06:36:00.0000000+00:00
P01357,486256.01,5701261.11,57.295,2026-03-03T06:37:00.0000000+00:00
P01358,458856.41,5776163.83,16.397,2026-03-03T06:38:00.0000000+00:00
P01359,444846.09,5767250.00,68.795,2026-03-03T06:39:00.0000000+00:00
P01360,489115.88,5741194.44,76.046,2026-03-03T06:40:00.0000000+00:00
P01361,473368.78,5716727.11,30.991,2026-03-03T06:41:00.0000000+00:00
P01362,458950.08,5748145.24,2.524,2026-03-03T06:42:00.0000000+00:00
P01363,478262.31,5735499.49,21.773,2026-03-03T06:43:00.0000000+00:00
P01364,488028.22,5743220.42,17.217,2026-03-03T06:44:00.0000000+00:00
P01365,464714.27,5732733.34,70.845,2026-03-03T06:45:00.0000000+00:00
P01366,426429.41,5716183.96,34.847,2026-03-03T06:46:00.0000000+00:00
P01367,412781.47,5707205.77,22.102,2026-03-03T06:47:00.0000000+00:00
P01368,491594.20,5706619.14,19.438,2026-03-03T06:48:00.0000000+00:00
P01369,444026.39,5764038.63,50.623,2026-03-03T06:49:00.0000000+00:00
P01370,461428.30,5759254.94,42.070,2026-03-03T06:50:00.0000000+00:00
P01371,466368.23,5730405.63,87.609,2026-03-03T06:51:00.0000000+00:00
P01372,436312.81,5793870.50,33.772,2026-03-03T06:52:00.0000000+00:00
P01373,470150.10,5798143.32,45.990,2026-03-03T06:53:00.0000000+00:00
P01374,415131.49,5704881.88,81.385,2026-03-03T06:54:00.0000000+00:00
P01375,420482.62,5784907.53,31.071,2026-03-03T06:55:00.0000000+00:00
P01376,425508.17,5700040.00,9.005,2026-03-03T06:56:00.0000000+00:00
P01377,479819.27,5722966.45,70.404,2026-03-03T06:57:00.0000000+00:00
P01378,450027.93,5702681.86,84.456,2026-03-03T06:58:00.0000000+00:00
P01379,464197.28,5779883.60,71.970,2026-03-03T06:59:00.0000000+00:00
P01380,402208.77,5733064.91,38.351,2026-03-03T07:00:00.0000000+00:00
P01381,476047.82,5746465.86,22.190,2026-03-03T07:01:00.0000000+00:00
P01382,477196.70,5700274.97,47.229,2026-03-03T07:02:00.0000000+00:00
P01383,476048.69,5771518.64,34.976,2026-03-03T07:03:00.0000000+00:00
P01384,435903.33,5768902.39,80.067,2026-03-03T07:04:00.0000000+00:00
P01385,427256.65,5737961.02,88.331,2026-03-03T07:05:00.0000000+00:00
P01386,467458.87,5784827.87,62.959,2026-03-03T07:06:00.0000000+00:00
P01387,494008.63,5768061.83,8.236,2026-03-03T07:07:00.0000000+00:00
P01388,445418.66,5775256.56,75.103,2026-03-03T07:08:00.0000000+00:00
P01389,425571.37,5738724.35,50.094,2026-03-03T07:09:00.0000000+00:00
P01390,466232.36,5792823.39,53.599,2026-03-03T07:10:00.0000000+00:00
P01391,481058.74,5772127.67,27.651,2026-03-03T07:11:00.0000000+00:00
P01392,438147.88,5799849.75,63.755,2026-03-03T07:12:00.0000000+00:00
P01393,429579.52,5724076.45,84.230,2026-03-03T07:13:00.0000000+00:00
P01394,431494.70,5781079.27,69.601,2026-03-03T07:14:00.0000000+00:00
P01395,494435.32,5732083.75,19.327,2026-03-03T07:15:00.0000000+00:00
P01396,403148.54,5703821.08,2.353,2026-03-03T07:16:00.0000000+00:00
P01397,451525.78,5736414.10,16.959,2026-03-03T07:17:00.0000000+00:00
P01398,410527.50,5767402.63,5.036,2026-03-03T07:18:00.0000000+00:00
P01399,485384.20,5743036.69,7.891,2026-03-03T07:19:00.0000000+00:00
P01400,478878.53,5796870.12,65.981,2026-03-03T07:20:00.0000000+00:00
P01401,433093.62,5766618.67,65.161,2026-03-03T07:21:00.0000000+00:00
P01402,471689.21,5749639.88,84.154,2026-03-03T07:22:00.0000000+00:00
P01403,486655.21,5751589.85,15.273,2026-03-03T07:23:00.0000000+00:00
P01404,492703.31,5726192.28,80.006,2026-03-03T07:24:00.0000000+00:00
P01405,489747.33,5746073.14,26.491,2026-03-03T07:25:00.0000000+00:00
P01406,438487.39,5705623.38,69.559,2026-03-03T07:26:00.0000000+00:00
P01407,429354.43,5777625.51,82.843,2026-03-03T07:27:00.0000000+00:00
P01408,454034.96,5727260.27,74.868,2026-03-03T07:28:00.0000000+00:00
P01409,437535.93,5736418.69,17.414,2026-03-03T07:29:00.0000000+00:00
P01410,471934.04,5772799.66,69.390,2026-03-03T07:30:00.0000000+00:00
P01411,470031.56,5792253.00,45.542,2026-03-03T07:31:00.0000000+00:00
P01412,409869.48,5744427.95,50.735,2026-03-03T07:32:00.0000000+00:00
P01413,449727.41,5739698.41,66.933,2026-03-03T07:33:00.0000000+00:00
P01414,473355.62,5750296.59,69.354,2026-03-03T07:34:00.0000000+00:00
P01415,412709.68,5720187.64,59.723,2026-03-03T07:35:00.0000000+00:00
P01416,483179.63,5766145.38,73.345,2026-03-03T07:36:00.0000000+00:00
P01417,492112.53,5746433.73,15.347,2026-03-03T07:37:00.0000000+00:00
P01418,442379.41,5738019.62,17.779,2026-03-03T07:38:00.0000000+00:00
P01419,401758.30,5730309.79,83.151,2026-03-03T07:39:00.0000000+00:00
P01420,488707.10,5779833.56,79.812,2026-03-03T07:40:00.0000000+00:00
P01421,434031.45,5782012.72,11.924,2026-03-03T07:41:00.0000000+00:00
P01422,407447.11,5760138.05,44.208,2026-03-03T07:42:00.0000000+00:00
P01423,446882.00,5744530.15,15.352,2026-03-03T07:43:00.0000000+00:00
P01424,497431.49,5749179.42,56.362,2026-03-03T07:44:00.0000000+00:00
P01425,441993.03,5770704.51,44.705,2026-03-03T07:45:00.0000000+00:00
P01426,454697.35,5765722.65,35.719,2026-03-03T07:46:00.0000000+00:00
P01427,452718.70,5729492.45,49.086,2026-03-03T07:47:00.0000000+00:00
P01428,417772.96,5780394.09,29.923,2026-03-03T07:48:00.0000000+00:00
P01429,470581.73,5793878.44,53.379,2026-03-03T07:49:00.0000000+00:00
P01430,432082.91,5783292.45,27.087,2026-03-03T07:50:00.0000000+00:00
P01431,421696.56,5761190.89,45.144,2026-03-03T07:51:00.0000000+00:00
P01432,455128.81,5761304.72,56.466,2026-03-03T07:52:00.0000000+00:00
P01433,405743.51,5794506.40,22.658,2026-03-03T07:53:00.0000000+00:00
P01434,455851.32,5771095.78,72.767,2026-03-03T07:54:00.0000000+00:00
P01435,476622.10,5775939.27,29.472,2026-03-03T07:55:00.0000000+00:00
P01436,488678.06,5740124.20,21.989,2026-03-03T07:56:00.0000000+00:00
P01437,447494.28,5746119.65,48.508,2026-03-03T07:57:00.0000000+00:00
P01438,431029.98,5710294.47,34.075,2026-03-03T07:58:00.0000000+00:00
P01439,443410.91,5767252.17,80.975,2026-03-03T07:59:00.0000000+00:00
P01440,437640.43,5775962.84,11.403,2026-03-03T08:00:00.0000000+00:00
P01441,438464.27,5748621.14,75.558,2026-03-03T08:01:00.0000000+00:00
P01442,406507.84,5727889.95,83.963,2026-03-03T08:02:00.0000000+00:00
P01443,419699.89,5778202.20,42.824,2026-03-03T08:03:00.0000000+00:00
P01444,466478.29,5771246.68,75.415,2026-03-03T08:04:00.0000000+00:00
P01445,480002.71,5717037.42,74.805,2026-03-03T08:05:00.0000000+00:00
P01446,423001.63,5715121.05,24.270,2026-03-03T08:06:00.0000000+00:00
P01447,402268.16,5714142.54,36.538,2026-03-03T08:07:00.0000000+00:00
P01448,479669.47,5798586.70,87.000,2026-03-03T08:08:00.0000000+00:00
P01449,419394.17,5795983.93,16.836,2026-03-03T08:09:00.0000000+00:00
P01450,469123.70,5742927.07,30.126,2026-03-03T08:10:00.0000000+00:00
P01451,438856.63,5701872.47,65.299,2026-03-03T08:11:00.0000000+00:00
P01452,481244.13,5762334.51,16.303,2026-03-03T08:12:00.0000000+00:00
P01453,468285.12,5788634.17,79.365,2026-03-03T08:13:00.0000000+00:00
P01454,442915.09,5773430.16,20.656,2026-03-03T08:14:00.0000000+00:00
P01455,484614.29,5745137.31,32.574,2026-03-03T08:15:00.0000000+00:00
P01456,484080.95,5782932.01,13.767,2026-03-03T08:16:00.0000000+00:00
P01457,451993.32,5775325.68,80.838,2026-03-03T08:17:00.0000000+00:00
P01458,437718.68,5799499.65,22.058,2026-03-03T08:18:00.0000000+00:00
P01459,495004.51,5781372.06,57.249,2026-03-03T08:19:00.0000000+00:00
P01460,439244.21,5740848.36,56.430,2026-03-03T08:20:00.0000000+00:00
P01461,484786.49,5777324.04,60.227,2026-03-03T08:21:00.0000000+00:00
P01462,447429.66,5796535.11,58.563,2026-03-03T08:22:00.0000000+00:00
P01463,461202.74,5719475.89,71.549,2026-03-03T08:23:00.0000000+00:00
P01464,466179.18,5704219.39,32.848,2026-03-03T08:24:00.0000000+00:00
P01465,476071.77,5730946.58,56.936,2026-03-03T08:25:00.0000000+00:00
P01466,435912.15,5769701.32,75.398,2026-03-03T08:26:00.0000000+00:00
P01467,406499.32,5701085.76,16.584,2026-03-03T08:27:00.0000000+00:00
P01468,409325.83,5786357.25,40.899,2026-03-03T08:28:00.0000000+00:00
P01469,405455.49,5742606.85,63.436,2026-03-03T08:29:00.0000000+00:00
P01470,438853.45,5713282.92,25.894,2026-03-03T08:30:00.0000000+00:00
P01471,491840.89,5704593.02,68.495,2026-03-03T08:31:00.0000000+00:00
P01472,486632.28,5790379.79,74.464,2026-03-03T08:32:00.0000000+00:00
P01473,453846.89,5700802.45,26.533,2026-03-03T08:33:00.0000000+00:00
P01474,498525.51,5732484.40,47.125,2026-03-03T08:34:00.0000000+00:00
P01475,451064.49,5745786.26,84.383,2026-03-03T08:35:00.0000000+00:00
P01476,426596.14,5704008.11,76.287,2026-03-03T08:36:00.0000000+00:00
P01477,453836.06,5707167.36,34.162,2026-03-03T08:37:00.0000000+00:00
P01478,499569.25,5766530.96,28.805,2026-03-03T08:38:00.0000000+00:00
P01479,442880.93,5715557.59,84.777,2026-03-03T08:39:00.0000000+00:00
P01480,456947.50,5736881.92,46.259,2026-03-03T08:40:00.0000000+00:00
P01481,403799.60,5735552.52,47.690,2026-03-03T08:41:00.0000000+00:00
P01482,442429.42,5704592.72,82.234,2026-03-03T08:42:00.0000000+00:00
P01483,446181.61,5712626.16,37.266,2026-03-03T08:43:00.0000000+00:00
P01484,446055.54,5717927.65,74.003,2026-03-03T08:44:00.0000000+00:00
P01485,422808.66,5720141.26,49.340,2026-03-03T08:45:00.0000000+00:00
P01486,491881.61,5754662.81,29.777,2026-03-03T08:46:00.0000000+00:00
P01487,480693.47,5772859.97,48.898,2026-03-03T08:47:00.0000000+00:00
P01488,475954.70,5701110.92,12.321,2026-03-03T08:48:00.0000000+00:00
P01489,465160.40,5709416.10,41.969,2026-03-03T08:49:00.0000000+00:00
P01490,408037.38,5777475.35,26.863,2026-03-03T08:50:00.0000000+00:00
P01491,448907.16,5787488.70,72.301,2026-03-03T08:51:00.0000000+00:00
P01492,468827.64,5728781.34,31.938,2026-03-03T08:52:00.0000000+00:00
P01493,453827.48,5701157.28,80.122,2026-03-03T08:53:00.0000000+00:00
P01494,499222.30,5752913.87,54.139,2026-03-03T08:54:00.0000000+00:00
P01495,424613.81,5715878.57,65.944,2026-03-03T08:55:00.0000000+00:00
P01496,400316.45,5718351.86,43.375,2026-03-03T08:56:00.0000000+00:00
P01497,402386.05,5790682.70,20.487,2026-03-03T08:57:00.0000000+00:00
P01498,403382.30,5705164.15,50.973,2026-03-03T08:58:00.0000000+00:00
P01499,495744.79,5749276.65,32.984,2026-03-03T08:59:00.0000000+00:00
P01500,433422.60,5755147.73,41.984,2026-03-03T09:00:00.0000000+00:00
P01501,414246.11,5791815.34,31.900,2026-03-03T09:01:00.0000000+00:00
P01502,475519.67,5799999.63,23.838,2026-03-03T09:02:00.0000000+00:00
P01503,421615.28,5707502.04,76.307,2026-03-03T09:03:00.0000000+00:00
P01504,408831.09,5725322.18,55.931,2026-03-03T09:04:00.0000000+00:00
P01505,445135.35,5709478.19,47.876,2026-03-03T09:05:00.0000000+00:00
P01506,482382.28,5759441.92,51.121,2026-03-03T09:06:00.0000000+00:00
P01507,456955.69,5795810.15,36.890,2026-03-03T09:07:00.0000000+00:00
P01508,497378.32,5754318.65,39.077,2026-03-03T09:08:00.0000000+00:00
P01509,490960.29,5776334.24,58.368,2026-03-03T09:09:00.0000000+00:00
P01510,473146.95,5749051.98,80.993,2026-03-03T09:10:00.0000000+00:00
P01511,480591.55,5714200.12,73.967,2026-03-03T09:11:00.0000000+00:00
P01512,424451.29,5771495.95,42.155,2026-03-03T09:12:00.0000000+00:00
P01513,434922.93,5769040.36,19.298,2026-03-03T09:13:00.0000000+00:00
P01514,438860.79,5791575.01,26.238,2026-03-03T09:14:00.0000000+00:00
P01515,411310.57,5764233.22,17.609,2026-03-03T09:15:00.0000000+00:00
P01516,463120.58,5779779.96,31.843,2026-03-03T09:16:00.0000000+00:00
P01517,474861.85,5750873.57,36.141,2026-03-03T09:17:00.0000000+00:00
P01518,436264.95,5782092.60,80.709,2026-03-03T09:18:00.0000000+00:00
P01519,467842.36,5774623.19,53.094,2026-03-03T09:19:00.0000000+00:00
P01520,407802.78,5726703.90,0.232,2026-03-03T09:20:00.0000000+00:00
P01521,432537.01,5710336.10,28.888,2026-03-03T09:21:00.0000000+00:00
P01522,435803.38,5759233.84,55.360,2026-03-03T09:22:00.0000000+00:00
P01523,479023.81,5738819.77,58.332,2026-03-03T09:23:00.0000000+00:00
P01524,441729.50,5768475.93,49.821,2026-03-03T09:24:00.0000000+00:00
P01525,486372.43,5798543.70,79.556,2026-03-03T09:25:00.0000000+00:00
P01526,457692.84,5783979.27,22.390,2026-03-03T09:26:00.0000000+00:00
P01527,403822.25,5763419.93,22.510,2026-03-03T09:27:00.0000000+00:00
P01528,411689.83,5775488.38,36.784,2026-03-03T09:28:00.0000000+00:00
P01529,470661.30,5713418.93,43.504,2026-03-03T09:29:00.0000000+00:00
P01530,454800.39,5747177.28,21.882,2026-03-03T09:30:00.0000000+00:00
P01531,490325.65,5749860.03,24.769,2026-03-03T09:31:00.0000000+00:00
P01532,452119.51,5756303.99,66.396,2026-03-03T09:32:00.0000000+00:00
P01533,469878.48,5725610.17,73.715,2026-03-03T09:33:00.0000000+00:00
P01534,406690.47,5703836.20,89.582,2026-03-03T09:34:00.0000000+00:00
P01535,442211.64,5735834.33,65.857,2026-03-03T09:35:00.0000000+00:00
P01536,491862.75,5701637.75,2.594,2026-03-03T09:36:00.0000000+00:00
P01537,401140.08,5756245.98,77.887,2026-03-03T09:37:00.0000000+00:00
P01538,422158.70,5756792.73,21.001,2026-03-03T09:38:00.0000000+00:00
P01539,424873.37,5757608.75,19.762,2026-03-03T09:39:00.0000000+00:00
P01540,484407.70,5765866.91,55.626,2026-03-03T09:40:00.0000000+00:00
P01541,441081.18,5778628.70,7.979,2026-03-03T09:41:00.0000000+00:00
P01542,438050.94,5745604.66,14.735,2026-03-03T09:42:00.0000000+00:00
P01543,415271.08,5761443.15,88.287,2026-03-03T09:43:00.0000000+00:00
P01544,401450.68,5740761.35,7.354,2026-03-03T09:44:00.0000000+00:00
P01545,428173.16,5754197.25,81.326,2026-03-03T09:45:00.0000000+00:00
P01546,493577.09,5746694.93,51.677,2026-03-03T09:46:00.0000000+00:00
P01547,410076.51,5762962.58,32.288,2026-03-03T09:47:00.0000000+00:00
P01548,454539.58,5720993.84,54.133,2026-03-03T09:48:00.0000000+00:00
P01549,414836.69,5772323.37,81.929,2026-03-03T09:49:00.0000000+00:00
P01550,421903.05,5710002.43,38.917,2026-03-03T09:50:00.0000000+00:00
P01551,443730.12,5703935.12,65.068,2026-03-03T09:51:00.0000000+00:00
P01552,426838.21,5750626.93,4.462,2026-03-03T09:52:00.0000000+00:00
P01553,465794.42,5732801.11,73.499,2026-03-03T09:53:00.0000000+00:00
P01554,414476.44,5755814.40,9.214,2026-03-03T09:54:00.0000000+00:00
P01555,460332.56,5719356.53,64.520,2026-03-03T09:55:00.0000000+00:00
P01556,457778.66,5709287.71,13.229,2026-03-03T09:56:00.0000000+00:00
P01557,424887.41,5786117.14,51.386,2026-03-03T09:57:00.0000000+00:00
P01558,462721.21,5764220.26,64.475,2026-03-03T09:58:00.0000000+00:00
P01559,460108.09,5724242.60,25.982,2026-03-03T09:59:00.0000000+00:00
P01560,435901.02,5702169.82,47.161,2026-03-03T10:00:00.0000000+00:00
P01561,487453.73,5750012.98,32.381,2026-03-03T10:01:00.0000000+00:00
P01562,436997.94,5727454.09,78.395,2026-03-03T10:02:00.0000000+00:00
P01563,463796.00,5786862.17,70.893,2026-03-03T10:03:00.0000000+00:00
P01564,457271.34,5785153.71,84.617,2026-03-03T10:04:00.0000000+00:00
P01565,427857.97,5738237.11,31.122,2026-03-03T10:05:00.0000000+00:00
P01566,420817.42,5788972.69,24.841,2026-03-03T10:06:00.0000000+00:00
P01567,488685.64,5785289.26,80.767,2026-03-03T10:07:00.0000000+00:00
P01568,420125.50,5722912.84,86.283,2026-03-03T10:08:00.0000000+00:00
P01569,411388.18,5724754.12,22.183,2026-03-03T10:09:00.0000000+00:00
P01570,430967.15,5779378.88,63.381,2026-03-03T10:10:00.0000000+00:00
P01571,499899.25,5759204.15,80.446,2026-03-03T10:11:00.0000000+00:00
P01572,450586.93,5773561.02,25.139,2026-03-03T10:12:00.0000000+00:00
P01573,404058.31,5745253.08,46.433,2026-03-03T10:13:00.0000000+00:00
P01574,438801.43,5701398.09,89.165,2026-03-03T10:14:00.0000000+00:00
P01575,487496.07,5717271.70,35.110,2026-03-03T10:15:00.0000000+00:00
P01576,404803.00,5793524.47,23.630,2026-03-03T10:16:00.0000000+00:00
P01577,417562.04,5761296.78,30.024,2026-03-03T10:17:00.0000000+00:00
P01578,454826.08,5790354.10,7.939,2026-03-03T10:18:00.0000000+00:00
P01579,473069.22,5764026.35,44.274,2026-03-03T10:19:00.0000000+00:00
P01580,436795.90,5726312.42,24.810,2026-03-03T10:20:00.0000000+00:00
P01581,427336.79,5754770.62,88.280,2026-03-03T10:21:00.0000000+00:00
P01582,420407.56,5705003.82,81.467,2026-03-03T10:22:00.0000000+00:00
P01583,482084.60,5709078.98,49.909,2026-03-03T10:23:00.0000000+00:00
P01584,426204.76,5799233.23,87.164,2026-03-03T10:24:00.0000000+00:00
P01585,447027.68,5750891.66,9.361,2026-03-03T10:25:00.0000000+00:00
P01586,436766.74,5777215.80,45.541,2026-03-03T10:26:00.0000000+00:00
P01587,447721.92,5710830.62,81.517,2026-03-03T10:27:00.0000000+00:00
P01588,488981.90,5731754.17,48.889,2026-03-03T10:28:00.0000000+00:00
P01589,418416.37,5735029.35,14.510,2026-03-03T10:29:00.0000000+00:00
P01590,481767.04,5782357.38,13.290,2026-03-03T10:30:00.0000000+00:00
P01591,477151.54,5746662.68,40.159,2026-03-03T10:31:00.0000000+00:00
P01592,469512.01,5709529.54,46.627,2026-03-03T10:32:00.0000000+00:00
P01593,480110.63,5786259.47,30.066,2026-03-03T10:33:00.0000000+00:00
P01594,484694.29,5714895.61,42.724,2026-03-03T10:34:00.0000000+00:00
P01595,401102.01,5758476.26,88.469,2026-03-03T10:35:00.0000000+00:00
P01596,471800.09,5776837.81,76.360,2026-03-03T10:36:00.0000000+00:00
P01597,405137.20,5745486.15,43.521,2026-03-03T10:37:00.0000000+00:00
P01598,479470.63,5786703.72,49.525,2026-03-03T10:38:00.0000000+00:00
P01599,464772.34,5769746.75,48.857,2026-03-03T10:39:00.0000000+00:00
P01600,414174.15,5706764.74,60.440,2026-03-03T10:40:00.0000000+00:00
P01601,457432.43,5703260.62,74.417,2026-03-03T10:41:00.0000000+00:00
P01602,485865.98,5778733.50,38.141,2026-03-03T10:42:00.0000000+00:00
P01603,461199.68,5781942.62,74.841,2026-03-03T10:43:00.0000000+00:00
P01604,485708.28,5746135.05,55.641,2026-03-03T10:44:00.0000000+00:00
P01605,477170.96,5755773.91,60.698,2026-03-03T10:45:00.0000000+00:00
P01606,429272.30,5752344.01,52.044,2026-03-03T10:46:00.0000000+00:00
P01607,448862.16,5780375.44,77.569,2026-03-03T10:47:00.0000000+00:00
P01608,473814.14,5792035.55,13.847,2026-03-03T10:48:00.0000000+00:00
P01609,403809.51,5732838.22,79.389,2026-03-03T10:49:00.0000000+00:00
P01610,497877.51,5781917.39,76.869,2026-03-03T10:50:00.0000000+00:00
P01611,486012.94,5730765.08,18.114,2026-03-03T10:51:00.0000000+00:00
P01612,461848.59,5710433.77,12.655,2026-03-03T10:52:00.0000000+00:00
P01613,403742.40,5742313.89,28.468,2026-03-03T10:53:00.0000000+00:00
P01614,472160.21,5781655.70,78.161,2026-03-03T10:54:00.0000000+00:00
P01615,437060.06,5742344.13,3.069,2026-03-03T10:55:00.0000000+00:00
P01616,422540.09,5731416.93,53.916,2026-03-03T10:56:00.0000000+00:00
P01617,426143.64,5793598.80,84.547,2026-03-03T10:57:00.0000000+00:00
P01618,474346.26,5737492.67,17.477,2026-03-03T10:58:00.0000000+00:00
P01619,496678.08,5719390.35,60.638,2026-03-03T10:59:00.0000000+00:00
P01620,405336.15,5707504.14,64.143,2026-03-03T11:00:00.0000000+00:00
P01621,469066.48,5756130.03,49.041,2026-03-03T11:01:00.0000000+00:00
P01622,434146.10,5781884.50,56.671,2026-03-03T11:02:00.0000000+00:00
P01623,453262.91,5727911.26,86.609,2026-03-03T11:03:00.0000000+00:00
P01624,478690.69,5787722.94,15.949,2026-03-03T11:04:00.0000000+00:00
P01625,487519.87,5742895.67,79.438,2026-03-03T11:05:00.0000000+00:00
P01626,484176.11,5793207.79,10.452,2026-03-03T11:06:00.0000000+00:00
P01627,498616.70,5771379.33,29.085,2026-03-03T11:07:00.0000000+00:00
P01628,465867.46,5745569.52,73.753,2026-03-03T11:08:00.0000000+00:00
P01629,435912.78,5718370.46,32.019,2026-03-03T11:09:00.0000000+00:00
P01630,426601.74,5731822.61,14.674,2026-03-03T11:10:00.0000000+00:00
P01631,461215.66,5722311.37,59.515,2026-03-03T11:11:00.0000000+00:00
P01632,473924.73,5779977.82,25.258,2026-03-03T11:12:00.0000000+00:00
P01633,489570.45,5736657.79,25.706,2026-03-03T11:13:00.0000000+00:00
P01634,449374.35,5705691.67,28.096,2026-03-03T11:14:00.0000000+00:00
P01635,425516.37,5775668.91,47.370,2026-03-03T11:15:00.0000000+00:00
P01636,413386.37,5754819.03,64.665,2026-03-03T11:16:00.0000000+00:00
P01637,486232.27,5779591.94,70.078,2026-03-03T11:17:00.0000000+00:00
P01638,495390.53,5750134.92,51.905,2026-03-03T11:18:00.0000000+00:00
P01639,465330.47,5745748.61,10.807,2026-03-03T11:19:00.0000000+00:00
P01640,461768.93,5734874.12,11.288,2026-03-03T11:20:00.0000000+00:00
P01641,475852.82,5721315.42,62.908,2026-03-03T11:21:00.0000000+00:00
P01642,471004.85,5773144.70,83.008,2026-03-03T11:22:00.0000000+00:00
P01643,491035.55,5756928.97,64.784,2026-03-03T11:23:00.0000000+00:00
P01644,459485.32,5780639.85,23.052,2026-03-03T11:24:00.0000000+00:00
P01645,491336.52,5725619.74,37.784,2026-03-03T11:25:00.0000000+00:00
P01646,431699.73,5715390.50,16.956,2026-03-03T11:26:00.0000000+00:00
P01647,486489.52,5783894.59,19.713,2026-03-03T11:27:00.0000000+00:00
P01648,417437.95,5754477.44,63.564,2026-03-03T11:28:00.0000000+00:00
P01649,423812.63,5721548.56,47.795,2026-03-03T11:29:00.0000000+00:00
P01650,448192.90,5756815.16,46.171,2026-03-03T11:30:00.0000000+00:00
P01651,465242.96,5743500.94,34.194,2026-03-03T11:31:00.0000000+00:00
P01652,485464.40,5737131.61,10.196,2026-03-03T11:32:00.0000000+00:00
P01653,494575.00,5711429.09,60.306,2026-03-03T11:33:00.0000000+00:00
P01654,450772.46,5782032.69,45.782,2026-03-03T11:34:00.0000000+00:00
P01655,456930.75,5720336.35,2.274,2026-03-03T11:35:00.0000000+00:00
P01656,438813.70,5700942.66,84.246,2026-03-03T11:36:00.0000000+00:00
P01657,427831.22,5756862.35,53.298,2026-03-03T11:37:00.0000000+00:00
P01658,419352.62,5752483.01,55.529,2026-03-03T11:38:00.0000000+00:00
P01659,468079.38,5723116.26,58.051,2026-03-03T11:39:00.0000000+00:00
P01660,435090.96,5746661.65,33.630,2026-03-03T11:40:00.0000000+00:00
P01661,499066.49,5737710.09,20.409,2026-03-03T11:41:00.0000000+00:00
P01662,418698.27,5706182.86,73.448,2026-03-03T11:42:00.0000000+00:00
P01663,473780.15,5787014.52,44.877,2026-03-03T11:43:00.0000000+00:00
P01664,425786.55,5713464.67,61.636,2026-03-03T11:44:00.0000000+00:00
P01665,404313.12,5705131.95,28.979,2026-03-03T11:45:00.0000000+00:00
P01666,477953.62,5785038.93,32.098,2026-03-03T11:46:00.0000000+00:00
P01667,492172.09,5740024.11,74.340,2026-03-03T11:47:00.0000000+00:00
P01668,446810.81,5757410.78,47.495,2026-03-03T11:48:00.0000000+00:00
P01669,418098.82,5746326.58,35.827,2026-03-03T11:49:00.0000000+00:00
P01670,449626.31,5781780.74,4.098,2026-03-03T11:50:00.0000000+00:00
P01671,435842.22,5796123.08,7.188,2026-03-03T11:51:00.0000000+00:00
P01672,459838.80,5779690.77,53.401,2026-03-03T11:52:00.0000000+00:00
P01673,447728.14,5771813.79,18.865,2026-03-03T11:53:00.0000000+00:00
P01674,406270.26,5760249.55,69.487,2026-03-03T11:54:00.0000000+00:00
P01675,451595.19,5723157.02,39.042,2026-03-03T11:55:00.0000000+00:00
P01676,428065.18,5704262.30,68.603,2026-03-03T11:56:00.0000000+00:00
P01677,437901.38,5772402.38,16.723,2026-03-03T11:57:00.0000000+00:00
P01678,469903.40,5722962.06,10.251,2026-03-03T11:58:00.0000000+00:00
P01679,410898.70,5711189.95,60.793,2026-03-03T11:59:00.0000000+00:00
P01680,449596.80,5745136.47,50.898,2026-03-03T12:00:00.0000000+00:00
P01681,495716.57,5735863.75,44.418,2026-03-03T12:01:00.0000000+00:00
P01682,435867.17,5738608.11,37.819,2026-03-03T12:02:00.0000000+00:00
P01683,414136.67,5707670.87,77.368,2026-03-03T12:03:00.0000000+00:00
P01684,425777.45,5707866.97,82.739,2026-03-03T12:04:00.0000000+00:00
P01685,493094.32,5750383.24,72.953,2026-03-03T12:05:00.0000000+00:00
P01686,415204.90,5781885.82,38.608,2026-03-03T12:06:00.0000000+00:00
P01687,436518.94,5791827.81,63.936,2026-03-03T12:07:00.0000000+00:00
P01688,486558.99,5728651.29,72.000,2026-03-03T12:08:00.0000000+00:00
P01689,471645.61,5794673.08,19.112,2026-03-03T12:09:00.0000000+00:00
P01690,481949.97,5766084.61,74.162,2026-03-03T12:10:00.0000000+00:00
P01691,491452.10,5736968.43,86.510,2026-03-03T12:11:00.0000000+00:00
P01692,400097.31,5724914.46,46.911,2026-03-03T12:12:00.0000000+00:00
P01693,444973.44,5775070.14,10.920,2026-03-03T12:13:00.0000000+00:00
P01694,445305.63,5751716.50,47.188,2026-03-03T12:14:00.0000000+00:00
P01695,400688.06,5768910.70,0.450,2026-03-03T12:15:00.0000000+00:00
P01696,494806.74,5712184.75,80.594,2026-03-03T12:16:00.0000000+00:00
P01697,456661.43,5703160.77,26.495,2026-03-03T12:17:00.0000000+00:00
P01698,475110.24,5710379.03,57.769,2026-03-03T12:18:00.0000000+00:00
P01699,436194.67,5786294.74,14.184,2026-03-03T12:19:00.0000000+00:00
P01700,464563.41,5757619.18,38.893,2026-03-03T12:20:00.0000000+00:00
P01701,482108.29,5730912.79,46.767,2026-03-03T12:21:00.0000000+00:00
P01702,478950.69,5754975.15,51.681,2026-03-03T12:22:00.0000000+00:00
P01703,488840.67,5734777.02,67.284,2026-03-03T12:23:00.0000000+00:00
P01704,408473.97,5743507.91,30.329,2026-03-03T12:24:00.0000000+00:00
P01705,458799.20,5758011.93,9.485,2026-03-03T12:25:00.0000000+00:00
P01706,401788.38,5700753.13,85.996,2026-03-03T12:26:00.0000000+00:00
P01707,418644.95,5772891.33,22.939,2026-03-03T12:27:00.0000000+00:00
P01708,421981.20,5710137.18,76.489,2026-03-03T12:28:00.0000000+00:00
P01709,483647.62,5765847.29,8.454,2026-03-03T12:29:00.0000000+00:00
P01710,445890.90,5795051.97,18.312,2026-03-03T12:30:00.0000000+00:00
P01711,418725.85,5758442.06,12.190,2026-03-03T12:31:00.0000000+00:00
P01712,467365.75,5772148.35,75.799,2026-03-03T12:32:00.0000000+00:00
P01713,455544.74,5772562.49,62.138,2026-03-03T12:33:00.0000000+00:00
P01714,422786.40,5735479.09,9.485,2026-03-03T12:34:00.0000000+00:00
P01715,482732.72,5728905.55,61.053,2026-03-03T12:35:00.0000000+00:00
P01716,404580.20,5774269.41,13.393,2026-03-03T12:36:00.0000000+00:00
P01717,435492.15,5706657.91,45.101,2026-03-03T12:37:00.0000000+00:00
P01718,476778.48,5778889.85,66.348,2026-03-03T12:38:00.0000000+00:00
P01719,472845.96,5720182.81,67.803,2026-03-03T12:39:00.0000000+00:00
P01720,495772.09,5775079.09,21.412,2026-03-03T12:40:00.0000000+00:00
P01721,490123.12,5707205.66,27.628,2026-03-03T12:41:00.0000000+00:00
P01722,405686.13,5759914.33,12.543,2026-03-03T12:42:00.0000000+00:00
P01723,407235.31,5789814.25,29.616,2026-03-03T12:43:00.0000000+00:00
P01724,469689.96,5798965.94,74.715,2026-03-03T12:44:00.0000000+00:00
P01725,485186.23,5745454.93,41.052,2026-03-03T12:45:00.0000000+00:00
P01726,464316.25,5791922.65,0.387,2026-03-03T12:46:00.0000000+00:00
P01727,402959.09,5717937.16,72.597,2026-03-03T12:47:00.0000000+00:00
P01728,474895.39,5782240.65,66.435,2026-03-03T12:48:00.0000000+00:00
P01729,490581.70,5777334.13,36.268,2026-03-03T12:49:00.0000000+00:00
P01730,442304.96,5729520.35,73.071,2026-03-03T12:50:00.0000000+00:00
P01731,417404.11,5768037.54,61.884,2026-03-03T12:51:00.0000000+00:00
P01732,462463.41,5730693.51,20.223,2026-03-03T12:52:00.0000000+00:00
P01733,443671.53,5716637.39,17.428,2026-03-03T12:53:00.0000000+00:00
P01734,489312.19,5749498.01,2.754,2026-03-03T12:54:00.0000000+00:00
P01735,427942.50,5785453.65,20.049,2026-03-03T12:55:00.0000000+00:00
P01736,409269.67,5728405.10,88.683,2026-03-03T12:56:00.0000000+00:00
P01737,491697.20,5770828.93,2.320,2026-03-03T12:57:00.0000000+00:00
P01738,412830.39,5748104.55,62.865,2026-03-03T12:58:00.0000000+00:00
P01739,410182.03,5776828.86,41.622,2026-03-03T12:59:00.0000000+00:00
P01740,457643.15,5708521.92,24.180,2026-03-03T13:00:00.0000000+00:00
P01741,402996.97,5718764.25,37.550,2026-03-03T13:01:00.0000000+00:00
P01742,493901.32,5755031.48,42.989,2026-03-03T13:02:00.0000000+00:00
P01743,471992.95,5716057.17,80.637,2026-03-03T13:03:00.0000000+00:00
P01744,427304.72,5781048.98,49.200,2026-03-03T13:04:00.0000000+00:00
P01745,428127.22,5720966.66,47.831,2026-03-03T13:05:00.0000000+00:00
P01746,459869.99,5793562.52,81.059,2026-03-03T13:06:00.0000000+00:00
P01747,413311.87,5797799.93,55.369,2026-03-03T13:07:00.0000000+00:00
P01748,431485.61,5755538.77,13.508,2026-03-03T13:08:00.0000000+00:00
P01749,446146.40,5726373.44,58.537,2026-03-03T13:09:00.0000000+00:00
P01750,436954.04,5742442.98,87.191,2026-03-03T13:10:00.0000000+00:00
P01751,434080.27,5779724.71,79.484,2026-03-03T13:11:00.0000000+00:00
P01752,405379.19,5704727.10,3.020,2026-03-03T13:12:00.0000000+00:00
P01753,465936.34,5711787.44,60.929,2026-03-03T13:13:00.0000000+00:00
P01754,464471.50,5707865.70,18.129,2026-03-03T13:14:00.0000000+00:00
P01755,456779.15,5733745.39,14.867,2026-03-03T13:15:00.0000000+00:00
P01756,463528.14,5789483.78,53.334,2026-03-03T13:16:00.0000000+00:00
P01757,457197.59,5773558.07,65.955,2026-03-03T13:17:00.0000000+00:00
P01758,446091.36,5736108.24,70.310,2026-03-03T13:18:00.0000000+00:00
P01759,441993.92,5736608.49,30.473,2026-03-03T13:19:00.0000000+00:00
P01760,411320.63,5707642.66,13.732,2026-03-03T13:20:00.0000000+00:00
P01761,414719.65,5703297.17,41.895,2026-03-03T13:21:00.0000000+00:00
P01762,412523.87,5775268.78,78.078,2026-03-03T13:22:00.0000000+00:00
P01763,419423.57,5777733.12,21.839,2026-03-03T13:23:00.0000000+00:00
P01764,476822.32,5736234.02,88.230,2026-03-03T13:24:00.0000000+00:00
P01765,450127.14,5780275.42,60.950,2026-03-03T13:25:00.0000000+00:00
P01766,425784.90,5744509.00,83.069,2026-03-03T13:26:00.0000000+00:00
P01767,492240.28,5789501.46,10.915,2026-03-03T13:27:00.0000000+00:00
P01768,455809.63,5705900.28,27.768,2026-03-03T13:28:00.0000000+00:00
P01769,469635.98,5739875.23,80.826,2026-03-03T13:29:00.0000000+00:00
P01770,437058.12,5767809.80,61.324,2026-03-03T13:30:00.0000000+00:00
P01771,409278.70,5720029.80,47.965,2026-03-03T13:31:00.0000000+00:00
P01772,463333.19,5765042.70,18.959,2026-03-03T13:32:00.0000000+00:00
P01773,494494.30,5720571.44,42.341,2026-03-03T13:33:00.0000000+00:00
P01774,417141.21,5784032.03,65.682,2026-03-03T13:34:00.0000000+00:00
P01775,455170.02,5700435.61,56.803,2026-03-03T13:35:00.0000000+00:00
P01776,439099.11,5760234.57,33.414,2026-03-03T13:36:00.0000000+00:00
P01777,471496.75,5711057.09,58.108,2026-03-03T13:37:00.0000000+00:00
P01778,411842.98,5778906.43,26.597,2026-03-03T13:38:00.0000000+00:00
P01779,462113.92,5765192.33,56.465,2026-03-03T13:39:00.0000000+00:00
P01780,448456.05,5797932.51,22.504,2026-03-03T13:40:00.0000000+00:00
P01781,496087.01,5755950.84,28.081,2026-03-03T13:41:00.0000000+00:00
P01782,435722.37,5792991.79,65.712,2026-03-03T13:42:00.0000000+00:00
P01783,423098.07,5755932.73,82.736,2026-03-03T13:43:00.0000000+00:00
P01784,489393.11,5772987.40,89.708,2026-03-03T13:44:00.0000000+00:00
P01785,415111.05,5748872.13,7.313,2026-03-03T13:45:00.0000000+00:00
P01786,443500.19,5750535.60,11.639,2026-03-03T13:46:00.0000000+00:00
P01787,454926.27,5767087.70,7.916,2026-03-03T13:47:00.0000000+00:00
P01788,466710.82,5719139.93,9.553,2026-03-03T13:48:00.0000000+00:00
P01789,490570.75,5714338.24,56.137,2026-03-03T13:49:00.0000000+00:00
P01790,477449.55,5701796.85,62.262,2026-03-03T13:50:00.0000000+00:00
P01791,459228.21,5728927.61,32.534,2026-03-03T13:51:00.0000000+00:00
P01792,420736.62,5794475.92,16.644,2026-03-03T13:52:00.0000000+00:00
P01793,406578.18,5703056.81,66.167,2026-03-03T13:53:00.0000000+00:00
P01794,451717.21,5794889.93,20.332,2026-03-03T13:54:00.0000000+00:00
P01795,417051.19,5757430.36,74.579,2026-03-03T13:55:00.0000000+00:00
P01796,462124.69,5757478.40,10.862,2026-03-03T13:56:00.0000000+00:00
P01797,462741.05,5747334.65,65.480,2026-03-03T13:57:00.0000000+00:00
P01798,460873.98,5757072.49,15.437,2026-03-03T13:58:00.0000000+00:00
P01799,410742.96,5781331.85,30.484,2026-03-03T13:59:00.0000000+00:00
P01800,431389.65,5798828.95,40.164,2026-03-03T14:00:00.0000000+00:00
P01801,496013.84,5779308.36,26.483,2026-03-03T14:01:00.0000000+00:00
P01802,406965.65,5707011.16,16.689,2026-03-03T14:02:00.0000000+00:00
P01803,469403.86,5748004.46,29.246,2026-03-03T14:03:00.0000000+00:00
P01804,476181.67,5701546.13,23.870,2026-03-03T14:04:00.0000000+00:00
P01805,476603.77,5736456.09,8.458,2026-03-03T14:05:00.0000000+00:00
P01806,487376.67,5760557.30,62.891,2026-03-03T14:06:00.0000000+00:00
P01807,468768.24,5768674.08,38.519,2026-03-03T14:07:00.0000000+00:00
P01808,436737.93,5777554.12,14.473,2026-03-03T14:08:00.0000000+00:00
P01809,400431.84,5733056.74,17.773,2026-03-03T14:09:00.0000000+00:00
P01810,414858.82,5758007.92,53.528,2026-03-03T14:10:00.0000000+00:00
P01811,411940.97,5756349.61,26.515,2026-03-03T14:11:00.0000000+00:00
P01812,408357.38,5716341.58,70.083,2026-03-03T14:12:00.0000000+00:00
P01813,455928.67,5724227.49,69.321,2026-03-03T14:13:00.0000000+00:00
P01814,409483.64,5761410.89,7.248,2026-03-03T14:14:00.0000000+00:00
P01815,412814.13,5747577.83,14.873,2026-03-03T14:15:00.0000000+00:00
P01816,431177.76,5764395.15,87.450,2026-03-03T14:16:00.0000000+00:00
P01817,495568.75,5764414.26,3.771,2026-03-03T14:17:00.0000000+00:00
P01818,431012.41,5706531.24,16.519,2026-03-03T14:18:00.0000000+00:00
P01819,453166.65,5705385.25,74.957,2026-03-03T14:19:00.0000000+00:00
P01820,491408.22,5789314.31,43.163,2026-03-03T14:20:00.0000000+00:00
P01821,403931.25,5722402.28,24.015,2026-03-03T14:21:00.0000000+00:00
P01822,443920.40,5770769.79,48.013,2026-03-03T14:22:00.0000000+00:00
P01823,467687.83,5760128.84,52.669,2026-03-03T14:23:00.0000000+00:00
P01824,418311.88,5794851.95,26.508,2026-03-03T14:24:00.0000000+00:00
P01825,481965.05,5793712.68,22.738,2026-03-03T14:25:00.0000000+00:00
P01826,455690.64,5727271.48,19.788,2026-03-03T14:26:00.0000000+00:00
P01827,454778.02,5713970.04,72.782,2026-03-03T14:27:00.0000000+00:00
P01828,481215.73,5711170.04,52.993,2026-03-03T14:28:00.0000000+00:00
P01829,435621.07,5764746.22,11.602,2026-03-03T14:29:00.0000000+00:00
P01830,421474.08,5795198.71,42.223,2026-03-03T14:30:00.0000000+00:00
P01831,407834.75,5715627.96,21.899,2026-03-03T14:31:00.0000000+00:00
P01832,474076.19,5761323.81,26.560,2026-03-03T14:32:00.0000000+00:00
P01833,453026.13,5707254.16,12.560,2026-03-03T14:33:00.0000000+00:00
P01834,439670.77,5747055.94,29.172,2026-03-03T14:34:00.0000000+00:00
P01835,409152.33,5750866.67,23.137,2026-03-03T14:35:00.0000000+00:00
P01836,483664.83,5754996.91,87.055,2026-03-03T14:36:00.0000000+00:00
P01837,462596.84,5750410.21,26.386,2026-03-03T14:37:00.0000000+00:00
P01838,438024.54,5777728.08,62.998,2026-03-03T14:38:00.0000000+00:00
P01839,452997.04,5793964.39,28.690,2026-03-03T14:39:00.0000000+00:00
P01840,475313.13,5742251.98,78.901,2026-03-03T14:40:00.0000000+00:00
P01841,439131.07,5792985.47,87.462,2026-03-03T14:41:00.0000000+00:00
P01842,401072.61,5716173.01,48.300,2026-03-03T14:42:00.0000000+00:00
P01843,405641.18,5747966.08,50.786,2026-03-03T14:43:00.0000000+00:00
P01844,439538.00,5764082.50,12.217,2026-03-03T14:44:00.0000000+00:00
P01845,419810.44,5751326.85,14.836,2026-03-03T14:45:00.0000000+00:00
P01846,463292.64,5796626.60,73.229,2026-03-03T14:46:00.0000000+00:00
P01847,445632.90,5756754.31,6.078,2026-03-03T14:47:00.0000000+00:00
P01848,483695.51,5750815.63,30.133,2026-03-03T14:48:00.0000000+00:00
P01849,421131.66,5757130.63,52.872,2026-03-03T14:49:00.0000000+00:00
P01850,426077.88,5793034.71,24.530,2026-03-03T14:50:00.0000000+00:00
P01851,494906.15,5745139.32,34.897,2026-03-03T14:51:00.0000000+00:00
P01852,433403.45,5736457.25,56.658,2026-03-03T14:52:00.0000000+00:00
P01853,421913.08,5792870.56,60.627,2026-03-03T14:53:00.0000000+00:00
P01854,470952.55,5711013.37,58.494,2026-03-03T14:54:00.0000000+00:00
P01855,426551.99,5705413.09,30.939,2026-03-03T14:55:00.0000000+00:00
P01856,429870.74,5762735.03,32.924,2026-03-03T14:56:00.0000000+00:00
P01857,462724.51,5712869.61,27.881,2026-03-03T14:57:00.0000000+00:00
P01858,476934.96,5704069.91,37.507,2026-03-03T14:58:00.0000000+00:00
P01859,494371.69,5720833.30,0.718,2026-03-03T14:59:00.0000000+00:00
P01860,442070.56,5750404.95,5.387,2026-03-03T15:00:00.0000000+00:00
P01861,484381.24,5711217.42,85.883,2026-03-03T15:01:00.0000000+00:00
P01862,403129.18,5771455.00,84.160,2026-03-03T15:02:00.0000000+00:00
P01863,449865.09,5725346.22,54.686,2026-03-03T15:03:00.0000000+00:00
P01864,445341.35,5758037.54,13.643,2026-03-03T15:04:00.0000000+00:00
P01865,473072.99,5774149.90,55.796,2026-03-03T15:05:00.0000000+00:00
P01866,442026.66,5745263.74,68.065,2026-03-03T15:06:00.0000000+00:00
P01867,476896.34,5700877.15,79.234,2026-03-03T15:07:00.0000000+00:00
P01868,479323.93,5776365.04,72.903,2026-03-03T15:08:00.0000000+00:00
P01869,446516.19,5795972.81,45.706,2026-03-03T15:09:00.0000000+00:00
P01870,480671.29,5709008.46,62.956,2026-03-03T15:10:00.0000000+00:00
P01871,414240.12,5756641.91,52.264,2026-03-03T15:11:00.0000000+00:00
P01872,470834.75,5733293.18,41.266,2026-03-03T15:12:00.0000000+00:00
P01873,467820.29,5747149.34,67.210,2026-03-03T15:13:00.0000000+00:00
P01874,487949.68,5719136.83,39.424,2026-03-03T15:14:00.0000000+00:00
P01875,483643.60,5716608.74,84.468,2026-03-03T15:15:00.0000000+00:00
P01876,497502.29,5764903.05,1.758,2026-03-03T15:16:00.0000000+00:00
P01877,466786.87,5735520.49,30.047,2026-03-03T15:17:00.0000000+00:00
P01878,457040.27,5773168.69,12.207,2026-03-03T15:18:00.0000000+00:00
P01879,423505.46,5754434.87,53.011,2026-03-03T15:19:00.0000000+00:00
P01880,476484.30,5767899.14,7.980,2026-03-03T15:20:00.0000000+00:00
P01881,409888.96,5782215.86,19.160,2026-03-03T15:21:00.0000000+00:00
P01882,461713.62,5728223.71,61.878,2026-03-03T15:22:00.0000000+00:00
P01883,485559.38,5734433.14,24.166,2026-03-03T15:23:00.0000000+00:00
P01884,469261.14,5746435.95,45.474,2026-03-03T15:24:00.0000000+00:00
P01885,492457.09,5771040.63,25.710,2026-03-03T15:25:00.0000000+00:00
P01886,407980.52,5779287.37,35.376,2026-03-03T15:26:00.0000000+00:00
P01887,422514.70,5706346.57,6.513,2026-03-03T15:27:00.0000000+00:00
P01888,492502.52,5778241.66,2.208,2026-03-03T15:28:00.0000000+00:00
P01889,466709.62,5703647.51,40.939,2026-03-03T15:29:00.0000000+00:00
P01890,451656.14,5745122.34,84.117,2026-03-03T15:30:00.0000000+00:00
P01891,444967.97,5733792.57,56.152,2026-03-03T15:31:00.0000000+00:00
P01892,408540.48,5798102.96,82.561,2026-03-03T15:32:00.0000000+00:00
P01893,410330.12,5706646.95,3.988,2026-03-03T15:33:00.0000000+00:00
P01894,469185.25,5707204.50,87.666,2026-03-03T15:34:00.0000000+00:00
P01895,467367.56,5707623.85,77.259,2026-03-03T15:35:00.0000000+00:00
P01896,492554.87,5776694.94,10.096,2026-03-03T15:36:00.0000000+00:00
P01897,417528.35,5788947.62,52.542,2026-03-03T15:37:00.0000000+00:00
P01898,422768.69,5770186.47,36.328,2026-03-03T15:38:00.0000000+00:00
P01899,487260.56,5710623.46,59.680,2026-03-03T15:39:00.0000000+00:00
P01900,404556.94,5700902.67,80.065,2026-03-03T15:40:00.0000000+00:00
P01901,407623.23,5762360.72,3.041,2026-03-03T15:41:00.0000000+00:00
P01902,479442.15,5799910.96,69.680,2026-03-03T15:42:00.0000000+00:00
P01903,409919.06,5767784.52,24.270,2026-03-03T15:43:00.0000000+00:00
P01904,496506.19,5715863.74,88.292,2026-03-03T15:44:00.0000000+00:00
P01905,415350.46,5722121.08,81.173,2026-03-03T15:45:00.0000000+00:00
P01906,408785.50,5745451.82,49.349,2026-03-03T15:46:00.0000000+00:00
P01907,491877.50,5765749.66,61.251,2026-03-03T15:47:00.0000000+00:00
P01908,432938.90,5778958.42,32.594,2026-03-03T15:48:00.0000000+00:00
P01909,400308.51,5767397.73,63.699,2026-03-03T15:49:00.0000000+00:00
P01910,490668.32,5725039.33,51.579,2026-03-03T15:50:00.0000000+00:00
P01911,482045.70,5725716.82,79.271,2026-03-03T15:51:00.0000000+00:00
P01912,422636.27,5750820.32,54.767,2026-03-03T15:52:00.0000000+00:00
P01913,461348.30,5751790.90,37.078,2026-03-03T15:53:00.0000000+00:00
P01914,450269.72,5709964.62,7.384,2026-03-03T15:54:00.0000000+00:00
P01915,449995.34,5779837.75,82.225,2026-03-03T15:55:00.0000000+00:00
P01916,409866.58,5793862.07,75.972,2026-03-03T15:56:00.0000000+00:00
P01917,499432.50,5702128.51,17.088,2026-03-03T15:57:00.0000000+00:00
P01918,408592.67,5790502.90,11.401,2026-03-03T15:58:00.0000000+00:00
P01919,418193.99,5791011.17,74.839,2026-03-03T15:59:00.0000000+00:00
P01920,447939.19,5762548.87,29.531,2026-03-03T16:00:00.0000000+00:00
P01921,447317.47,5735758.28,20.023,2026-03-03T16:01:00.0000000+00:00
P01922,482898.53,5746512.54,82.914,2026-03-03T16:02:00.0000000+00:00
P01923,405690.98,5752914.01,48.408,2026-03-03T16:03:00.0000000+00:00
P01924,447934.59,5722526.39,51.917,2026-03-03T16:04:00.0000000+00:00
P01925,431511.92,5775883.09,53.646,2026-03-03T16:05:00.0000000+00:00
P01926,434676.12,5717898.48,4.727,2026-03-03T16:06:00.0000000+00:00
P01927,473072.80,5744419.88,6.589,2026-03-03T16:07:00.0000000+00:00
P01928,493592.63,5708673.99,10.843,2026-03-03T16:08:00.0000000+00:00
P01929,431048.46,5765221.21,35.731,2026-03-03T16:09:00.0000000+00:00
P01930,430665.07,5789895.43,87.303,2026-03-03T16:10:00.0000000+00:00
P01931,426459.72,5793594.81,17.791,2026-03-03T16:11:00.0000000+00:00
P01932,473517.56,5793981.80,25.738,2026-03-03T16:12:00.0000000+00:00
P01933,496443.59,5751618.63,41.936,2026-03-03T16:13:00.0000000+00:00
P01934,483118.31,5781114.91,70.131,2026-03-03T16:14:00.0000000+00:00
P01935,499416.12,5772810.44,16.968,2026-03-03T16:15:00.0000000+00:00
P01936,482835.29,5783507.14,55.347,2026-03-03T16:16:00.0000000+00:00
P01937,465357.11,5743739.29,23.547,2026-03-03T16:17:00.0000000+00:00
P01938,490414.50,5718745.91,22.795,2026-03-03T16:18:00.0000000+00:00
P01939,421545.67,5761447.96,54.648,2026-03-03T16:19:00.0000000+00:00
P01940,449251.34,5794149.80,74.068,2026-03-03T16:20:00.0000000+00:00
P01941,406317.28,5738483.97,87.989,2026-03-03T16:21:00.0000000+00:00
P01942,490314.82,5798074.16,88.344,2026-03-03T16:22:00.0000000+00:00
P01943,449904.53,5705837.26,0.279,2026-03-03T16:23:00.0000000+00:00
P01944,494356.08,5787746.93,20.511,2026-03-03T16:24:00.0000000+00:00
P01945,435451.86,5768258.18,58.267,2026-03-03T16:25:00.0000000+00:00
P01946,440589.84,5729257.36,20.972,2026-03-03T16:26:00.0000000+00:00
P01947,416292.93,5753517.19,0.428,2026-03-03T16:27:00.0000000+00:00
P01948,481493.04,5768875.27,41.072,2026-03-03T16:28:00.0000000+00:00
P01949,459034.22,5733898.66,77.744,2026-03-03T16:29:00.0000000+00:00
P01950,419152.13,5705592.87,55.107,2026-03-03T16:30:00.0000000+00:00
P01951,430695.71,5717587.71,68.133,2026-03-03T16:31:00.0000000+00:00
P01952,405163.13,5730344.08,9.077,2026-03-03T16:32:00.0000000+00:00
P01953,474466.74,5706931.44,10.185,2026-03-03T16:33:00.0000000+00:00
P01954,482303.08,5740239.60,53.418,2026-03-03T16:34:00.0000000+00:00
P01955,492829.74,5798727.54,15.101,2026-03-03T16:35:00.0000000+00:00
P01956,491703.28,5731701.42,80.294,2026-03-03T16:36:00.0000000+00:00
P01957,425266.10,5728376.55,19.332,2026-03-03T16:37:00.0000000+00:00
P01958,476931.50,5712866.26,82.115,2026-03-03T16:38:00.0000000+00:00
P01959,467511.74,5701328.87,4.532,2026-03-03T16:39:00.0000000+00:00
P01960,470523.69,5712076.75,70.018,2026-03-03T16:40:00.0000000+00:00
P01961,414624.50,5795375.20,15.810,2026-03-03T16:41:00.0000000+00:00
P01962,476040.31,5785469.77,17.016,2026-03-03T16:42:00.0000000+00:00
P01963,490146.26,5786563.06,75.091,2026-03-03T16:43:00.0000000+00:00
P01964,429023.66,5782725.87,78.434,2026-03-03T16:44:00.0000000+00:00
P01965,408824.04,5723986.78,65.193,2026-03-03T16:45:00.0000000+00:00
P01966,417330.49,5731630.26,36.715,2026-03-03T16:46:00.0000000+00:00
P01967,437906.56,5733656.31,45.599,2026-03-03T16:47:00.0000000+00:00
P01968,426102.89,5754634.99,87.782,2026-03-03T16:48:00.0000000+00:00
P01969,466641.63,5785661.02,42.118,2026-03-03T16:49:00.0000000+00:00
P01970,419138.27,5763044.51,10.122,2026-03-03T16:50:00.0000000+00:00
P01971,457071.97,5759479.66,54.700,2026-03-03T16:51:00.0000000+00:00
P01972,469969.63,5785882.15,62.273,2026-03-03T16:52:00.0000000+00:00
P01973,475452.97,5716557.22,54.973,2026-03-03T16:53:00.0000000+00:00
P01974,488792.09,5707712.45,10.086,2026-03-03T16:54:00.0000000+00:00
P01975,433720.14,5702893.19,6.134,2026-03-03T16:55:00.0000000+00:00
P01976,408469.85,5745372.21,67.525,2026-03-03T16:56:00.0000000+00:00
P01977,400508.60,5729794.84,26.332,2026-03-03T16:57:00.0000000+00:00
P01978,492337.51,5794515.58,24.494,2026-03-03T16:58:00.0000000+00:00
P01979,495286.96,5766417.65,56.022,2026-03-03T16:59:00.0000000+00:00
P01980,404491.11,5785689.50,29.458,2026-03-03T17:00:00.0000000+00:00
P01981,467164.50,5756261.72,5.830,2026-03-03T17:01:00.0000000+00:00
P01982,481939.53,5722479.63,20.010,2026-03-03T17:02:00.0000000+00:00
P01983,467521.04,5779338.74,48.602,2026-03-03T17:03:00.0000000+00:00
P01984,414149.75,5786846.53,22.109,2026-03-03T17:04:00.0000000+00:00
P01985,447010.42,5722802.43,15.634,2026-03-03T17:05:00.0000000+00:00
P01986,466881.49,5727650.83,15.795,2026-03-03T17:06:00.0000000+00:00
P01987,477025.19,5745013.11,68.735,2026-03-03T17:07:00.0000000+00:00
P01988,426980.31,5774169.65,88.589,2026-03-03T17:08:00.0000000+00:00
P01989,422932.30,5757875.25,32.569,2026-03-03T17:09:00.0000000+00:00
P01990,458984.13,5725682.45,22.638,2026-03-03T17:10:00.0000000+00:00
P01991,460289.38,5737037.59,87.725,2026-03-03T17:11:00.0000000+00:00
P01992,473385.83,5786802.99,87.335,2026-03-03T17:12:00.0000000+00:00
P01993,415249.02,5798961.13,23.931,2026-03-03T17:13:00.0000000+00:00
P01994,436803.81,5744532.63,18.868,2026-03-03T17:14:00.0000000+00:00
P01995,405554.41,5713030.70,22.036,2026-03-03T17:15:00.0000000+00:00
P01996,453892.31,5794439.81,46.375,2026-03-03T17:16:00.0000000+00:00
P01997,436479.67,5734197.01,82.146,2026-03-03T17:17:00.0000000+00:00
P01998,472137.23,5732666.24,9.339,2026-03-03T17:18:00.0000000+00:00
P01999,458033.45,5787276.32,7.438,2026-03-03T17:19:00.0000000+00:00
P02000,419306.96,5718670.50,48.556,2026-03-03T17:20:00.0000000+00:00
P02001,459505.02,5758579.83,41.656,2026-03-03T17:21:00.0000000+00:00
P02002,439106.34,5751591.61,69.585,2026-03-03T17:22:00.0000000+00:00
P02003,459001.35,5789632.29,82.969,2026-03-03T17:23:00.0000000+00:00
P02004,454228.81,5731276.79,11.793,2026-03-03T17:24:00.0000000+00:00
P02005,416406.21,5723252.50,55.547,2026-03-03T17:25:00.0000000+00:00
P02006,418900.86,5714437.78,37.892,2026-03-03T17:26:00.0000000+00:00
P02007,456070.89,5777299.67,76.761,2026-03-03T17:27:00.0000000+00:00
P02008,482345.96,5768806.28,66.733,2026-03-03T17:28:00.0000000+00:00
P02009,454182.89,5704701.21,86.722,2026-03-03T17:29:00.0000000+00:00
P02010,424372.80,5790107.79,60.244,2026-03-03T17:30:00.0000000+00:00
P02011,442409.88,5772207.96,38.905,2026-03-03T17:31:00.0000000+00:00
P02012,444084.80,5793041.00,66.027,2026-03-03T17:32:00.0000000+00:00
P02013,419698.87,5796000.55,87.159,2026-03-03T17:33:00.0000000+00:00
P02014,410516.87,5747926.49,86.724,2026-03-03T17:34:00.0000000+00:00
P02015,450005.97,5790424.42,48.617,2026-03-03T17:35:00.0000000+00:00
P02016,499158.76,5722304.52,22.967,2026-03-03T17:36:00.0000000+00:00
P02017,403894.85,5754152.78,76.930,2026-03-03T17:37:00.0000000+00:00
P02018,480272.53,5715609.01,1.086,2026-03-03T17:38:00.0000000+00:00
P02019,476268.69,5783664.74,61.790,2026-03-03T17:39:00.0000000+00:00
P02020,476535.92,5792038.99,42.452,2026-03-03T17:40:00.0000000+00:00
P02021,400087.01,5726276.31,1.969,2026-03-03T17:41:00.0000000+00:00
P02022,480401.66,5762629.99,46.112,2026-03-03T17:42:00.0000000+00:00
P02023,461827.32,5702982.54,62.426,2026-03-03T17:43:00.0000000+00:00
P02024,456835.48,5795252.81,59.849,2026-03-03T17:44:00.0000000+00:00
P02025,478051.25,5708075.43,68.321,2026-03-03T17:45:00.0000000+00:00
P02026,404703.04,5738582.08,70.827,2026-03-03T17:46:00.0000000+00:00
P02027,466753.48,5752607.18,19.351,2026-03-03T17:47:00.0000000+00:00
P02028,446059.77,5717918.72,11.365,2026-03-03T17:48:00.0000000+00:00
P02029,476079.21,5722805.49,38.988,2026-03-03T17:49:00.0000000+00:00
P02030,450010.18,5736017.41,47.761,2026-03-03T17:50:00.0000000+00:00
P02031,488923.37,5790559.30,85.471,2026-03-03T17:51:00.0000000+00:00
P02032,472702.52,5754015.20,79.207,2026-03-03T17:52:00.0000000+00:00
P02033,490018.38,5726417.60,32.888,2026-03-03T17:53:00.0000000+00:00
P02034,467059.05,5712729.71,60.546,2026-03-03T17:54:00.0000000+00:00
P02035,409316.55,5761205.39,52.598,2026-03-03T17:55:00.0000000+00:00
P02036,446734.25,5795673.76,26.844,2026-03-03T17:56:00.0000000+00:00
P02037,444553.15,5782456.70,89.593,2026-03-03T17:57:00.0000000+00:00
P02038,482500.55,5733494.02,53.047,2026-03-03T17:58:00.0000000+00:00
P02039,472451.89,5782677.47,66.476,2026-03-03T17:59:00.0000000+00:00
P02040,463448.17,5769994.35,19.392,2026-03-03T18:00:00.0000000+00:00
P02041,485940.32,5794059.94,66.626,2026-03-03T18:01:00.0000000+00:00
P02042,425045.13,5708538.41,14.201,2026-03-03T18:02:00.0000000+00:00
P02043,406432.96,5705996.53,80.113,2026-03-03T18:03:00.0000000+00:00
P02044,421169.07,5795898.56,60.690,2026-03-03T18:04:00.0000000+00:00
P02045,477176.99,5751217.48,11.123,2026-03-03T18:05:00.0000000+00:00
P02046,414439.08,5794362.43,76.666,2026-03-03T18:06:00.0000000+00:00
P02047,465302.88,5782354.70,69.458,2026-03-03T18:07:00.0000000+00:00
P02048,496162.30,5774283.62,36.779,2026-03-03T18:08:00.0000000+00:00
P02049,441604.10,5728307.58,13.139,2026-03-03T18:09:00.0000000+00:00
P02050,443364.29,5765725.25,15.738,2026-03-03T18:10:00.0000000+00:00
P02051,411470.76,5700608.96,24.069,2026-03-03T18:11:00.0000000+00:00
P02052,425760.63,5711455.39,79.007,2026-03-03T18:12:00.0000000+00:00
P02053,428959.50,5730188.50,54.367,2026-03-03T18:13:00.0000000+00:00
P02054,494725.14,5758909.73,5.028,2026-03-03T18:14:00.0000000+00:00
P02055,484014.55,5793930.80,89.553,2026-03-03T18:15:00.0000000+00:00
P02056,400962.40,5771353.08,53.000,2026-03-03T18:16:00.0000000+00:00
P02057,445194.99,5702925.67,33.774,2026-03-03T18:17:00.0000000+00:00
P02058,466494.02,5722016.27,26.643,2026-03-03T18:18:00.0000000+00:00
P02059,483771.93,5769092.28,27.023,2026-03-03T18:19:00.0000000+00:00
P02060,414979.38,5770505.97,10.717,2026-03-03T18:20:00.0000000+00:00
P02061,412998.45,5763409.56,34.478,2026-03-03T18:21:00.0000000+00:00
P02062,429365.20,5791028.30,4.603,2026-03-03T18:22:00.0000000+00:00
P02063,433869.27,5777828.81,6.041,2026-03-03T18:23:00.0000000+00:00
P02064,480883.56,5726037.29,86.065,2026-03-03T18:24:00.0000000+00:00
P02065,486303.72,5709923.68,84.211,2026-03-03T18:25:00.0000000+00:00
P02066,429563.47,5787743.31,48.914,2026-03-03T18:26:00.0000000+00:00
P02067,414046.10,5763951.74,88.092,2026-03-03T18:27:00.0000000+00:00
P02068,473334.53,5788369.08,85.029,2026-03-03T18:28:00.0000000+00:00
P02069,424534.33,5731430.66,15.557,2026-03-03T18:29:00.0000000+00:00
P02070,445746.83,5748728.56,62.663,2026-03-03T18:30:00.0000000+00:00
P02071,437890.60,5727009.69,0.574,2026-03-03T18:31:00.0000000+00:00
P02072,472654.02,5773017.86,60.963,2026-03-03T18:32:00.0000000+00:00
P02073,440219.06,5758203.16,50.429,2026-03-03T18:33:00.0000000+00:00
P02074,418190.77,5776970.06,40.599,2026-03-03T18:34:00.0000000+00:00
P02075,489701.63,5730659.31,76.709,2026-03-03T18:35:00.0000000+00:00
P02076,442706.57,5740678.97,32.378,2026-03-03T18:36:00.0000000+00:00
P02077,482217.03,5753097.30,32.923,2026-03-03T18:37:00.0000000+00:00
P02078,429937.38,5766119.35,23.101,2026-03-03T18:38:00.0000000+00:00
P02079,497571.28,5727197.05,34.921,2026-03-03T18:39:00.0000000+00:00
P02080,489342.30,5715920.67,72.373,2026-03-03T18:40:00.0000000+00:00
P02081,426754.40,5717334.02,39.102,2026-03-03T18:41:00.0000000+00:00
P02082,455659.42,5770371.20,31.527,2026-03-03T18:42:00.0000000+00:00
P02083,489880.87,5741567.84,69.063,2026-03-03T18:43:00.0000000+00:00
P02084,493840.54,5737115.20,30.564,2026-03-03T18:44:00.0000000+00:00
P02085,443725.36,5718536.48,7.053,2026-03-03T18:45:00.0000000+00:00
P02086,421925.15,5723243.15,3.953,2026-03-03T18:46:00.0000000+00:00
P02087,474999.27,5794452.55,71.835,2026-03-03T18:47:00.0000000+00:00
P02088,439773.77,5794340.74,14.514,2026-03-03T18:48:00.0000000+00:00
P02089,450581.04,5753890.09,65.255,2026-03-03T18:49:00.0000000+00:00
P02090,400210.06,5706291.60,52.067,2026-03-03T18:50:00.0000000+00:00
P02091,491673.07,5734286.64,88.194,2026-03-03T18:51:00.0000000+00:00
P02092,429550.74,5783033.46,8.491,2026-03-03T18:52:00.0000000+00:00
P02093,411862.37,5775174.53,72.571,2026-03-03T18:53:00.0000000+00:00
P02094,462118.69,5721085.67,88.035,2026-03-03T18:54:00.0000000+00:00
P02095,451497.12,5741958.97,14.979,2026-03-03T18:55:00.0000000+00:00
P02096,489062.14,5769477.87,57.723,2026-03-03T18:56:00.0000000+00:00
P02097,449245.74,5778783.74,40.417,2026-03-03T18:57:00.0000000+00:00
P02098,468392.04,5795068.04,87.352,2026-03-03T18:58:00.0000000+00:00
P02099,450413.46,5725496.49,88.890,2026-03-03T18:59:00.0000000+00:00
P02100,485646.24,5709181.30,12.861,2026-03-03T19:00:00.0000000+00:00
P02101,477468.31,5758548.85,51.955,2026-03-03T19:01:00.0000000+00:00
P02102,479709.24,5773695.02,3.059,2026-03-03T19:02:00.0000000+00:00
P02103,478396.87,5724469.79,88.935,2026-03-03T19:03:00.0000000+00:00
P02104,408520.46,5714576.06,42.689,2026-03-03T19:04:00.0000000+00:00
P02105,472466.39,5715366.80,1.396,2026-03-03T19:05:00.0000000+00:00
P02106,463122.18,5761306.92,87.129,2026-03-03T19:06:00.0000000+00:00
P02107,483212.83,5747216.99,22.736,2026-03-03T19:07:00.0000000+00:00
P02108,461582.47,5742289.19,63.115,2026-03-03T19:08:00.0000000+00:00
P02109,464575.06,5725843.15,19.666,2026-03-03T19:09:00.0000000+00:00
P02110,471534.70,5784652.89,11.171,2026-03-03T19:10:00.0000000+00:00
P02111,480147.99,5722067.34,35.857,2026-03-03T19:11:00.0000000+00:00
P02112,444645.85,5789758.11,86.153,2026-03-03T19:12:00.0000000+00:00
P02113,446363.08,5721797.40,40.996,2026-03-03T19:13:00.0000000+00:00
P02114,426644.52,5769237.03,14.957,2026-03-03T19:14:00.0000000+00:00
P02115,413829.47,5796370.94,19.266,2026-03-03T19:15:00.0000000+00:00
P02116,428305.93,5770717.30,17.257,2026-03-03T19:16:00.0000000+00:00
P02117,451533.27,5707795.56,67.849,2026-03-03T19:17:00.0000000+00:00
P02118,421794.53,5710208.10,62.132,2026-03-03T19:18:00.0000000+00:00
P02119,444893.30,5725689.84,56.596,2026-03-03T19:19:00.0000000+00:00
P02120,447962.76,5783421.26,18.922,2026-03-03T19:20:00.0000000+00:00
P02121,489420.50,5764586.63,74.025,2026-03-03T19:21:00.0000000+00:00
P02122,444679.16,5789558.96,80.175,2026-03-03T19:22:00.0000000+00:00
P02123,491903.70,5778023.84,73.627,2026-03-03T19:23:00.0000000+00:00
P02124,485545.03,5778283.83,44.905,2026-03-03T19:24:00.0000000+00:00
P02125,400967.43,5730629.11,73.430,2026-03-03T19:25:00.0000000+00:00
P02126,442296.25,5707367.15,60.248,2026-03-03T19:26:00.0000000+00:00
P02127,420402.58,5769858.07,59.528,2026-03-03T19:27:00.0000000+00:00
P02128,423653.48,5741117.08,83.928,2026-03-03T19:28:00.0000000+00:00
P02129,481659.63,5794315.20,36.168,2026-03-03T19:29:00.0000000+00:00
P02130,413942.06,5700309.74,55.398,2026-03-03T19:30:00.0000000+00:00
P02131,471884.33,5734292.46,48.642,2026-03-03T19:31:00.0000000+00:00
P02132,410171.76,5703066.53,57.233,2026-03-03T19:32:00.0000000+00:00
P02133,492933.77,5737616.25,53.009,2026-03-03T19:33:00.0000000+00:00
P02134,449460.92,5750304.37,26.183,2026-03-03T19:34:00.0000000+00:00
P02135,448758.21,5784449.90,1.608,2026-03-03T19:35:00.0000000+00:00
P02136,424558.46,5796559.30,32.321,2026-03-03T19:36:00.0000000+00:00
P02137,418598.77,5795030.76,88.167,2026-03-03T19:37:00.0000000+00:00
P02138,489756.28,5799869.70,24.629,2026-03-03T19:38:00.0000000+00:00
P02139,479191.88,5746756.99,22.693,2026-03-03T19:39:00.0000000+00:00
P02140,489548.34,5704267.15,87.321,2026-03-03T19:40:00.0000000+00:00
P02141,479772.19,5774706.42,25.174,2026-03-03T19:41:00.0000000+00:00
P02142,426767.62,5742041.05,6.823,2026-03-03T19:42:00.0000000+00:00
P02143,405877.72,5794837.33,43.008,2026-03-03T19:43:00.0000000+00:00
P02144,418469.77,5793971.21,10.130,2026-03-03T19:44:00.0000000+00:00
P02145,414060.25,5721846.27,36.017,2026-03-03T19:45:00.0000000+00:00
P02146,427855.02,5779440.62,87.783,2026-03-03T19:46:00.0000000+00:00
P02147,442008.47,5799907.82,39.647,2026-03-03T19:47:00.0000000+00:00
P02148,420876.73,5781754.64,84.519,2026-03-03T19:48:00.0000000+00:00
P02149,474478.55,5786029.03,87.199,2026-03-03T19:49:00.0000000+00:00
P02150,438145.58,5708247.61,25.034,2026-03-03T19:50:00.0000000+00:00
P02151,495604.99,5722472.40,69.041,2026-03-03T19:51:00.0000000+00:00
P02152,402897.42,5775443.16,82.005,2026-03-03T19:52:00.0000000+00:00
P02153,400964.36,5733548.29,0.376,2026-03-03T19:53:00.0000000+00:00
P02154,431323.49,5731633.69,47.844,2026-03-03T19:54:00.0000000+00:00
P02155,415700.24,5705160.59,22.388,2026-03-03T19:55:00.0000000+00:00
P02156,470118.80,5719316.96,78.446,2026-03-03T19:56:00.0000000+00:00
P02157,442294.80,5796060.77,55.505,2026-03-03T19:57:00.0000000+00:00
P02158,476538.58,5764379.85,2.614,2026-03-03T19:58:00.0000000+00:00
P02159,486409.08,5757585.70,27.785,2026-03-03T19:59:00.0000000+00:00
P02160,471805.25,5746760.37,22.531,2026-03-03T20:00:00.0000000+00:00
P02161,498990.43,5718196.36,41.112,2026-03-03T20:01:00.0000000+00:00
P02162,481226.04,5749235.88,78.200,2026-03-03T20:02:00.0000000+00:00
P02163,441607.53,5788117.81,83.947,2026-03-03T20:03:00.0000000+00:00
P02164,420117.30,5722030.43,65.158,2026-03-03T20:04:00.0000000+00:00
P02165,481295.99,5750073.40,22.610,2026-03-03T20:05:00.0000000+00:00
P02166,497935.04,5755953.42,70.181,2026-03-03T20:06:00.0000000+00:00
P02167,432363.39,5711653.53,3.979,2026-03-03T20:07:00.0000000+00:00
P02168,412198.97,5722030.37,26.765,2026-03-03T20:08:00.0000000+00:00
P02169,490431.90,5732413.52,16.943,2026-03-03T20:09:00.0000000+00:00
P02170,431145.55,5770342.02,49.468,2026-03-03T20:10:00.0000000+00:00
P02171,461126.40,5779831.88,81.825,2026-03-03T20:11:00.0000000+00:00
P02172,464137.98,5775104.70,43.533,2026-03-03T20:12:00.0000000+00:00
P02173,483103.66,5725953.24,28.755,2026-03-03T20:13:00.0000000+00:00
P02174,493796.43,5770568.73,45.339,2026-03-03T20:14:00.0000000+00:00
P02175,428661.45,5786460.61,10.233,2026-03-03T20:15:00.0000000+00:00
P02176,447765.29,5784709.64,82.638,2026-03-03T20:16:00.0000000+00:00
P02177,418102.24,5706641.39,66.302,2026-03-03T20:17:00.0000000+00:00
P02178,401482.20,5742020.79,62.509,2026-03-03T20:18:00.0000000+00:00
P02179,468443.07,5723736.94,7.114,2026-03-03T20:19:00.0000000+00:00
P02180,476245.87,5790123.45,53.449,2026-03-03T20:20:00.0000000+00:00
P02181,496130.02,5786985.51,20.187,2026-03-03T20:21:00.0000000+00:00
P02182,468639.18,5774887.62,5.074,2026-03-03T20:22:00.0000000+00:00
P02183,468873.54,5770444.40,64.299,2026-03-03T20:23:00.0000000+00:00
P02184,491911.49,5777031.35,83.046,2026-03-03T20:24:00.0000000+00:00
P02185,499614.52,5721422.73,79.044,2026-03-03T20:25:00.0000000+00:00
P02186,473678.72,5764540.61,38.707,2026-03-03T20:26:00.0000000+00:00
P02187,443262.49,5798176.23,9.506,2026-03-03T20:27:00.0000000+00:00
P02188,476031.06,5701057.16,23.542,2026-03-03T20:28:00.0000000+00:00
P02189,441020.35,5715634.60,48.099,2026-03-03T20:29:00.0000000+00:00
P02190,467952.60,5709467.82,46.693,2026-03-03T20:30:00.0000000+00:00
P02191,497293.95,5729669.70,79.337,2026-03-03T20:31:00.0000000+00:00
P02192,442948.07,5711047.99,87.222,2026-03-03T20:32:00.0000000+00:00
P02193,431736.68,5739173.26,53.868,2026-03-03T20:33:00.0000000+00:00
P02194,403630.83,5726982.67,29.526,2026-03-03T20:34:00.0000000+00:00
P02195,488776.13,5718214.54,84.827,2026-03-03T20:35:00.0000000+00:00
P02196,461309.60,5797587.28,23.150,2026-03-03T20:36:00.0000000+00:00
P02197,420965.05,5717819.67,65.187,2026-03-03T20:37:00.0000000+00:00
P02198,443167.41,5738868.93,25.853,2026-03-03T20:38:00.0000000+00:00
P02199,470726.41,5701080.22,70.687,2026-03-03T20:39:00.0000000+00:00
P02200,442325.30,5763172.77,73.750,2026-03-03T20:40:00.0000000+00:00
P02201,415574.88,5713513.28,34.360,2026-03-03T20:41:00.0000000+00:00
P02202,424689.02,5742594.24,4.539,2026-03-03T20:42:00.0000000+00:00
P02203,469002.36,5710068.08,21.908,2026-03-03T20:43:00.0000000+00:00
P02204,413800.95,5784996.32,75.521,2026-03-03T20:44:00.0000000+00:00
P02205,481638.38,5782297.28,77.959,2026-03-03T20:45:00.0000000+00:00
P02206,451855.43,5723857.42,46.849,2026-03-03T20:46:00.0000000+00:00
P02207,405224.14,5702993.02,61.256,2026-03-03T20:47:00.0000000+00:00
P02208,442787.46,5736125.47,48.423,2026-03-03T20:48:00.0000000+00:00
P02209,458704.34,5706046.72,56.862,2026-03-03T20:49:00.0000000+00:00
P02210,490007.82,5704395.61,42.996,2026-03-03T20:50:00.0000000+00:00
P02211,453794.95,5716324.46,65.614,2026-03-03T20:51:00.0000000+00:00
P02212,430095.26,5784670.25,2.092,2026-03-03T20:52:00.0000000+00:00
P02213,487876.11,5726751.59,81.373,2026-03-03T20:53:00.0000000+00:00
P02214,416021.34,5785020.39,63.524,2026-03-03T20:54:00.0000000+00:00
P02215,489879.79,5780763.37,47.689,2026-03-03T20:55:00.0000000+00:00
P02216,480594.43,5768148.03,44.727,2026-03-03T20:56:00.0000000+00:00
P02217,409279.96,5774292.74,15.274,2026-03-03T20:57:00.0000000+00:00
P02218,457633.33,5731062.96,75.521,2026-03-03T20:58:00.0000000+00:00
P02219,459528.30,5792696.67,40.121,2026-03-03T20:59:00.0000000+00:00
P02220,414674.13,5725763.63,51.927,2026-03-03T21:00:00.0000000+00:00
P02221,480703.92,5773379.15,40.591,2026-03-03T21:01:00.0000000+00:00
P02222,441052.84,5762043.53,45.939,2026-03-03T21:02:00.0000000+00:00
P02223,463038.41,5717478.57,74.364,2026-03-03T21:03:00.0000000+00:00
P02224,421398.93,5795128.28,70.221,2026-03-03T21:04:00.0000000+00:00
P02225,476253.13,5798512.55,79.351,2026-03-03T21:05:00.0000000+00:00
P02226,447029.45,5739329.81,84.245,2026-03-03T21:06:00.0000000+00:00
P02227,454075.41,5789141.71,50.998,2026-03-03T21:07:00.0000000+00:00
P02228,490133.05,5780504.98,3.039,2026-03-03T21:08:00.0000000+00:00
P02229,494702.57,5731440.89,38.637,2026-03-03T21:09:00.0000000+00:00
P02230,497606.52,5714469.51,35.309,2026-03-03T21:10:00.0000000+00:00
P02231,460648.85,5795954.26,6.046,2026-03-03T21:11:00.0000000+00:00
P02232,454597.81,5747407.92,3.404,2026-03-03T21:12:00.0000000+00:00
P02233,447343.49,5737240.95,34.724,2026-03-03T21:13:00.0000000+00:00
P02234,441686.77,5709505.94,55.315,2026-03-03T21:14:00.0000000+00:00
P02235,403739.57,5702950.75,75.418,2026-03-03T21:15:00.0000000+00:00
P02236,410043.02,5702447.58,10.707,2026-03-03T21:16:00.0000000+00:00
P02237,403891.63,5798643.75,39.225,2026-03-03T21:17:00.0000000+00:00
P02238,456575.01,5753620.90,37.929,2026-03-03T21:18:00.0000000+00:00
P02239,426514.02,5713662.41,8.619,2026-03-03T21:19:00.0000000+00:00
P02240,421448.66,5723820.64,20.491,2026-03-03T21:20:00.0000000+00:00
P02241,401744.79,5797531.05,74.006,2026-03-03T21:21:00.0000000+00:00
P02242,437998.89,5738241.66,82.751,2026-03-03T21:22:00.0000000+00:00
P02243,473834.65,5733311.86,34.595,2026-03-03T21:23:00.0000000+00:00
P02244,477893.12,5715814.09,44.816,2026-03-03T21:24:00.0000000+00:00
P02245,428175.68,5793385.40,33.451,2026-03-03T21:25:00.0000000+00:00
P02246,446887.39,5740147.49,66.651,2026-03-03T21:26:00.0000000+00:00
P02247,425012.51,5718817.53,47.527,2026-03-03T21:27:00.0000000+00:00
P02248,454727.59,5710934.38,61.436,2026-03-03T21:28:00.0000000+00:00
P02249,428670.34,5728163.64,77.103,2026-03-03T21:29:00.0000000+00:00
P02250,433362.91,5729965.15,69.148,2026-03-03T21:30:00.0000000+00:00
P02251,407215.97,5752414.93,17.519,2026-03-03T21:31:00.0000000+00:00
P02252,435036.24,5791812.68,55.869,2026-03-03T21:32:00.0000000+00:00
P02253,440709.24,5759750.63,49.890,2026-03-03T21:33:00.0000000+00:00
P02254,470691.89,5799894.49,10.022,2026-03-03T21:34:00.0000000+00:00
P02255,416972.82,5752903.29,14.823,2026-03-03T21:35:00.0000000+00:00
P02256,435181.09,5773613.03,41.554,2026-03-03T21:36:00.0000000+00:00
P02257,400367.61,5740337.58,3.437,2026-03-03T21:37:00.0000000+00:00
P02258,451812.60,5772537.41,21.616,2026-03-03T21:38:00.0000000+00:00
P02259,450627.70,5736508.40,40.876,2026-03-03T21:39:00.0000000+00:00
P02260,414973.57,5785740.50,68.370,2026-03-03T21:40:00.0000000+00:00
P02261,499036.05,5708263.09,29.528,2026-03-03T21:41:00.0000000+00:00
P02262,413334.36,5779071.04,56.936,2026-03-03T21:42:00.0000000+00:00
P02263,448739.11,5786253.56,88.512,2026-03-03T21:43:00.0000000+00:00
P02264,429716.75,5759009.91,71.457,2026-03-03T21:44:00.0000000+00:00
P02265,445793.94,5763891.85,80.883,2026-03-03T21:45:00.0000000+00:00
P02266,469720.50,5785488.03,53.981,2026-03-03T21:46:00.0000000+00:00
P02267,435526.42,5727524.19,25.868,2026-03-03T21:47:00.0000000+00:00
P02268,482600.46,5707662.42,82.335,2026-03-03T21:48:00.0000000+00:00
P02269,401443.58,5759505.34,18.003,2026-03-03T21:49:00.0000000+00:00
P02270,478040.07,5726124.62,57.386,2026-03-03T21:50:00.0000000+00:00
P02271,488951.27,5747784.90,31.124,2026-03-03T21:51:00.0000000+00:00
P02272,408143.45,5751738.88,18.556,2026-03-03T21:52:00.0000000+00:00
P02273,423762.10,5747874.72,7.328,2026-03-03T21:53:00.0000000+00:00
P02274,438112.02,5702143.30,76.301,2026-03-03T21:54:00.0000000+00:00
P02275,428843.35,5729761.85,22.521,2026-03-03T21:55:00.0000000+00:00
P02276,472051.73,5778586.88,27.004,2026-03-03T21:56:00.0000000+00:00
P02277,439039.91,5711770.95,31.466,2026-03-03T21:57:00.0000000+00:00
P02278,481778.13,5738288.03,9.104,2026-03-03T21:58:00.0000000+00:00
P02279,452502.05,5799174.93,21.607,2026-03-03T21:59:00.0000000+00:00
P02280,436545.58,5742944.17,55.993,2026-03-03T22:00:00.0000000+00:00
P02281,482698.23,5720206.99,14.475,2026-03-03T22:01:00.0000000+00:00
P02282,477059.34,5779278.47,29.167,2026-03-03T22:02:00.0000000+00:00
P02283,421033.42,5768184.55,43.711,2026-03-03T22:03:00.0000000+00:00
P02284,491818.24,5724576.19,29.193,2026-03-03T22:04:00.0000000+00:00
P02285,452978.78,5748663.17,47.721,2026-03-03T22:05:00.0000000+00:00
P02286,457520.21,5729997.12,11.117,2026-03-03T22:06:00.0000000+00:00
P02287,426489.82,5797340.90,24.757,2026-03-03T22:07:00.0000000+00:00
P02288,431144.05,5772708.82,65.814,2026-03-03T22:08:00.0000000+00:00
P02289,492614.81,5709981.71,23.368,2026-03-03T22:09:00.0000000+00:00
P02290,474725.63,5790421.00,41.372,2026-03-03T22:10:00.0000000+00:00
P02291,498877.59,5782637.07,80.117,2026-03-03T22:11:00.0000000+00:00
P02292,486755.08,5730406.56,26.664,2026-03-03T22:12:00.0000000+00:00
P02293,473767.01,5798185.48,79.275,2026-03-03T22:13:00.0000000+00:00
P02294,446682.70,5706444.67,22.711,2026-03-03T22:14:00.0000000+00:00
P02295,462184.85,5795502.93,33.491,2026-03-03T22:15:00.0000000+00:00
P02296,421279.25,5735587.60,82.675,2026-03-03T22:16:00.0000000+00:00
P02297,493126.24,5715201.60,86.637,2026-03-03T22:17:00.0000000+00:00
P02298,451058.36,5752140.43,88.247,2026-03-03T22:18:00.0000000+00:00
P02299,438710.25,5775167.62,48.760,2026-03-03T22:19:00.0000000+00:00
P02300,430850.31,5734098.11,40.042,2026-03-03T22:20:00.0000000+00:00
P02301,416281.93,5770821.81,31.032,2026-03-03T22:21:00.0000000+00:00
P02302,430814.13,5709199.30,50.641,2026-03-03T22:22:00.0000000+00:00
P02303,412316.85,5774890.42,14.890,2026-03-03T22:23:00.0000000+00:00
P02304,419050.18,5787614.70,48.118,2026-03-03T22:24:00.0000000+00:00
P02305,473975.58,5771541.59,26.601,2026-03-03T22:25:00.0000000+00:00
P02306,433428.81,5779103.10,40.020,2026-03-03T22:26:00.0000000+00:00
P02307,492901.69,5700928.48,11.843,2026-03-03T22:27:00.0000000+00:00
P02308,415589.08,5770226.11,45.683,2026-03-03T22:28:00.0000000+00:00
P02309,401159.88,5715540.45,83.263,2026-03-03T22:29:00.0000000+00:00
P02310,416591.45,5739262.58,6.768,2026-03-03T22:30:00.0000000+00:00
P02311,431742.71,5784526.49,87.740,2026-03-03T22:31:00.0000000+00:00
P02312,485058.01,5741117.72,44.463,2026-03-03T22:32:00.0000000+00:00
P02313,488112.70,5705840.03,49.463,2026-03-03T22:33:00.0000000+00:00
P02314,441604.62,5707787.03,52.410,2026-03-03T22:34:00.0000000+00:00
P02315,444650.88,5789285.52,84.990,2026-03-03T22:35:00.0000000+00:00
P02316,462750.33,5762507.24,15.414,2026-03-03T22:36:00.0000000+00:00
P02317,499821.66,5710824.96,23.492,2026-03-03T22:37:00.0000000+00:00
P02318,427256.28,5738307.69,51.222,2026-03-03T22:38:00.0000000+00:00
P02319,420482.13,5790443.92,15.443,2026-03-03T22:39:00.0000000+00:00
P02320,469040.28,5712899.43,3.088,2026-03-03T22:40:00.0000000+00:00
P02321,484720.32,5706916.42,9.159,2026-03-03T22:41:00.0000000+00:00
P02322,483835.64,5753078.64,3.885,2026-03-03T22:42:00.0000000+00:00
P02323,435512.45,5737022.58,68.300,2026-03-03T22:43:00.0000000+00:00
P02324,402759.75,5731426.67,29.810,2026-03-03T22:44:00.0000000+00:00
P02325,408630.69,5716524.18,49.885,2026-03-03T22:45:00.0000000+00:00
P02326,428587.56,5762223.01,10.936,2026-03-03T22:46:00.0000000+00:00
P02327,442350.85,5718155.22,76.929,2026-03-03T22:47:00.0000000+00:00
P02328,469123.56,5709880.01,51.720,2026-03-03T22:48:00.0000000+00:00
P02329,407295.10,5752663.82,36.289,2026-03-03T22:49:00.0000000+00:00
P02330,477430.17,5799979.25,30.403,2026-03-03T22:50:00.0000000+00:00
P02331,499385.65,5708950.64,32.470,2026-03-03T22:51:00.0000000+00:00
P02332,426320.33,5733883.43,14.906,2026-03-03T22:52:00.0000000+00:00
P02333,411940.80,5790092.38,88.761,2026-03-03T22:53:00.0000000+00:00
P02334,471198.06,5712412.44,9.445,2026-03-03T22:54:00.0000000+00:00
P02335,435876.45,5715662.33,22.938,2026-03-03T22:55:00.0000000+00:00
P02336,493689.16,5751799.77,20.197,2026-03-03T22:56:00.0000000+00:00
P02337,483983.04,5720362.62,68.238,2026-03-03T22:57:00.0000000+00:00
P02338,438119.63,5794351.61,63.603,2026-03-03T22:58:00.0000000+00:00
P02339,438810.38,5719676.23,49.266,2026-03-03T22:59:00.0000000+00:00
P02340,427888.54,5754750.64,25.899,2026-03-03T23:00:00.0000000+00:00
P02341,431419.93,5709008.40,44.996,2026-03-03T23:01:00.0000000+00:00
P02342,438898.34,5757347.70,49.933,2026-03-03T23:02:00.0000000+00:00
P02343,455806.08,5731151.88,5.469,2026-03-03T23:03:00.0000000+00:00
P02344,450189.73,5774921.55,85.856,2026-03-03T23:04:00.0000000+00:00
P02345,474186.69,5761873.25,44.681,2026-03-03T23:05:00.0000000+00:00
P02346,464965.19,5775923.30,28.825,2026-03-03T23:06:00.0000000+00:00
P02347,414858.98,5714278.94,20.367,2026-03-03T23:07:00.0000000+00:00
P02348,402991.68,5784427.26,61.462,2026-03-03T23:08:00.0000000+00:00
P02349,495531.39,5748461.07,12.547,2026-03-03T23:09:00.0000000+00:00
P02350,415059.76,5798491.23,59.797,2026-03-03T23:10:00.0000000+00:00
P02351,437782.13,5784121.89,4.349,2026-03-03T23:11:00.0000000+00:00
P02352,417451.25,5777022.48,66.083,2026-03-03T23:12:00.0000000+00:00
P02353,432673.55,5750843.38,47.260,2026-03-03T23:13:00.0000000+00:00
P02354,401173.47,5701875.15,26.106,2026-03-03T23:14:00.0000000+00:00
P02355,419687.57,5705354.21,13.552,2026-03-03T23:15:00.0000000+00:00
P02356,484087.91,5732266.34,51.092,2026-03-03T23:16:00.0000000+00:00
P02357,452655.13,5763022.49,7.425,2026-03-03T23:17:00.0000000+00:00
P02358,469215.46,5765655.40,67.587,2026-03-03T23:18:00.0000000+00:00
P02359,403908.76,5723763.72,20.179,2026-03-03T23:19:00.0000000+00:00
P02360,477908.22,5784197.73,62.482,2026-03-03T23:20:00.0000000+00:00
P02361,429581.96,5710103.21,58.822,2026-03-03T23:21:00.0000000+00:00
P02362,476034.98,5798582.41,76.385,2026-03-03T23:22:00.0000000+00:00
P02363,463053.51,5739036.59,41.826,2026-03-03T23:23:00.0000000+00:00
P02364,444967.79,5782040.46,15.384,2026-03-03T23:24:00.0000000+00:00
P02365,431519.11,5769216.14,50.347,2026-03-03T23:25:00.0000000+00:00
P02366,425087.79,5744283.14,17.125,2026-03-03T23:26:00.0000000+00:00
P02367,432474.47,5782473.83,57.769,2026-03-03T23:27:00.0000000+00:00
P02368,460142.62,5791425.85,8.705,2026-03-03T23:28:00.0000000+00:00
P02369,478910.18,5775728.01,25.899,2026-03-03T23:29:00.0000000+00:00
P02370,466205.82,5779015.71,81.528,2026-03-03T23:30:00.0000000+00:00
P02371,413019.61,5741592.63,14.063,2026-03-03T23:31:00.0000000+00:00
P02372,494256.48,5731771.26,24.989,2026-03-03T23:32:00.0000000+00:00
P02373,400152.61,5715402.05,77.549,2026-03-03T23:33:00.0000000+00:00
P02374,446981.46,5702309.98,31.379,2026-03-03T23:34:00.0000000+00:00
P02375,459035.23,5750625.54,43.369,2026-03-03T23:35:00.0000000+00:00
P02376,433553.60,5757254.29,63.024,2026-03-03T23:36:00.0000000+00:00
P02377,435355.96,5745879.85,81.610,2026-03-03T23:37:00.0000000+00:00
P02378,438781.52,5791787.76,1.669,2026-03-03T23:38:00.0000000+00:00
P02379,474579.61,5796464.24,22.439,2026-03-03T23:39:00.0000000+00:00
P02380,450505.14,5726307.03,4.929,2026-03-03T23:40:00.0000000+00:00
P02381,455707.39,5799705.94,83.660,2026-03-03T23:41:00.0000000+00:00
P02382,441689.70,5791147.12,62.901,2026-03-03T23:42:00.0000000+00:00
P02383,409034.61,5755328.41,53.829,2026-03-03T23:43:00.0000000+00:00
P02384,446187.82,5722096.83,71.874,2026-03-03T23:44:00.0000000+00:00
P02385,440494.09,5736061.13,71.560,2026-03-03T23:45:00.0000000+00:00
P02386,476101.31,5791542.52,26.510,2026-03-03T23:46:00.0000000+00:00
P02387,461380.43,5759529.25,31.309,2026-03-03T23:47:00.0000000+00:00
P02388,475835.61,5791374.06,13.628,2026-03-03T23:48:00.0000000+00:00
P02389,488597.09,5754472.43,51.225,2026-03-03T23:49:00.0000000+00:00
P02390,470857.72,5760234.12,48.834,2026-03-03T23:50:00.0000000+00:00
P02391,429985.28,5791339.35,33.379,2026-03-03T23:51:00.0000000+00:00
P02392,498620.56,5732503.04,71.159,2026-03-03T23:52:00.0000000+00:00
P02393,423435.20,5747154.91,7.181,2026-03-03T23:53:00.0000000+00:00
P02394,496084.34,5794383.73,22.698,2026-03-03T23:54:00.0000000+00:00
P02395,401572.32,5774308.69,73.573,2026-03-03T23:55:00.0000000+00:00
P02396,490776.49,5789650.76,86.067,2026-03-03T23:56:00.0000000+00:00
P02397,439586.40,5724695.53,6.589,2026-03-03T23:57:00.0000000+00:00
P02398,430323.84,5729438.38,17.369,2026-03-03T23:58:00.0000000+00:00
P02399,475377.79,5764259.42,14.201,2026-03-03T23:59:00.0000000+00:00
P02400,489078.56,5703628.21,30.041,2026-03-04T00:00:00.0000000+00:00
P02401,463690.29,5774041.75,12.307,2026-03-04T00:01:00.0000000+00:00
P02402,426263.47,5724690.40,46.670,2026-03-04T00:02:00.0000000+00:00
P02403,493437.42,5726511.35,38.404,2026-03-04T00:03:00.0000000+00:00
P02404,440434.63,5712851.37,84.023,2026-03-04T00:04:00.0000000+00:00
P02405,493060.48,5732972.69,78.390,2026-03-04T00:05:00.0000000+00:00
P02406,403106.18,5707202.20,80.780,2026-03-04T00:06:00.0000000+00:00
P02407,484917.55,5770740.98,11.725,2026-03-04T00:07:00.0000000+00:00
P02408,412292.34,5728101.97,43.734,2026-03-04T00:08:00.0000000+00:00
P02409,493614.53,5713840.63,72.705,2026-03-04T00:09:00.0000000+00:00
P02410,491281.26,5735976.71,73.648,2026-03-04T00:10:00.0000000+00:00
P02411,497736.56,5760379.85,33.334,2026-03-04T00:11:00.0000000+00:00
P02412,459870.72,5753023.48,45.877,2026-03-04T00:12:00.0000000+00:00
P02413,469710.41,5750719.40,22.586,2026-03-04T00:13:00.0000000+00:00
P02414,474280.95,5700012.59,68.333,2026-03-04T00:14:00.0000000+00:00
P02415,425163.39,5737086.36,26.633,2026-03-04T00:15:00.0000000+00:00
P02416,442094.13,5773018.05,0.555,2026-03-04T00:16:00.0000000+00:00
P02417,412160.26,5797646.94,33.757,2026-03-04T00:17:00.0000000+00:00
P02418,420428.45,5703145.26,84.393,2026-03-04T00:18:00.0000000+00:00
P02419,419796.50,5701331.77,87.862,2026-03-04T00:19:00.0000000+00:00
P02420,464851.38,5780828.27,54.973,2026-03-04T00:20:00.0000000+00:00
P02421,496377.23,5743591.89,5.372,2026-03-04T00:21:00.0000000+00:00
P02422,414751.63,5740711.95,25.984,2026-03-04T00:22:00.0000000+00:00
P02423,461028.79,5758558.24,35.307,2026-03-04T00:23:00.0000000+00:00
P02424,430189.99,5746462.97,15.783,2026-03-04T00:24:00.0000000+00:00
P02425,461988.64,5715879.86,36.627,2026-03-04T00:25:00.0000000+00:00
P02426,474727.85,5766082.00,88.141,2026-03-04T00:26:00.0000000+00:00
P02427,432197.30,5738829.65,10.296,2026-03-04T00:27:00.0000000+00:00
P02428,498615.24,5722819.02,14.177,2026-03-04T00:28:00.0000000+00:00
P02429,427688.40,5799124.50,87.614,2026-03-04T00:29:00.0000000+00:00
P02430,450919.98,5706294.65,24.415,2026-03-04T00:30:00.0000000+00:00
P02431,421370.27,5722808.77,18.430,2026-03-04T00:31:00.0000000+00:00
P02432,432345.60,5781384.44,82.083,2026-03-04T00:32:00.0000000+00:00
P02433,491905.64,5787772.16,89.922,2026-03-04T00:33:00.0000000+00:00
P02434,455493.59,5748518.98,53.003,2026-03-04T00:34:00.0000000+00:00
P02435,463651.24,5788260.04,44.996,2026-03-04T00:35:00.0000000+00:00
P02436,407836.66,5703009.97,40.833,2026-03-04T00:36:00.0000000+00:00
P02437,406824.20,5704197.79,63.555,2026-03-04T00:37:00.0000000+00:00
P02438,436351.83,5748601.90,52.325,2026-03-04T00:38:00.0000000+00:00
P02439,473658.34,5799475.14,8.686,2026-03-04T00:39:00.0000000+00:00
P02440,493034.23,5768897.22,12.958,2026-03-04T00:40:00.0000000+00:00
P02441,454773.27,5711420.81,32.251,2026-03-04T00:41:00.0000000+00:00
P02442,405356.94,5719767.04,9.784,2026-03-04T00:42:00.0000000+00:00
P02443,488058.75,5788526.93,55.758,2026-03-04T00:43:00.0000000+00:00
P02444,451796.72,5766445.55,27.152,2026-03-04T00:44:00.0000000+00:00
P02445,400164.93,5757134.34,3.212,2026-03-04T00:45:00.0000000+00:00
P02446,414441.84,5706396.08,22.428,2026-03-04T00:46:00.0000000+00:00
P02447,444088.54,5746672.23,76.635,2026-03-04T00:47:00.0000000+00:00
P02448,412794.69,5724084.21,23.340,2026-03-04T00:48:00.0000000+00:00
P02449,480104.00,5761434.93,63.413,2026-03-04T00:49:00.0000000+00:00
P02450,429357.99,5796702.96,73.427,2026-03-04T00:50:00.0000000+00:00
P02451,467972.70,5790386.98,80.255,2026-03-04T00:51:00.0000000+00:00
P02452,472065.79,5750698.45,44.071,2026-03-04T00:52:00.0000000+00:00
P02453,429148.28,5787491.02,38.617,2026-03-04T00:53:00.0000000+00:00
P02454,491168.79,5767816.23,48.042,2026-03-04T00:54:00.0000000+00:00
P02455,459865.21,5713797.65,71.259,2026-03-04T00:55:00.0000000+00:00
P02456,446160.47,5773027.03,49.144,2026-03-04T00:56:00.0000000+00:00
P02457,473173.14,5779235.98,44.463,2026-03-04T00:57:00.0000000+00:00
P02458,483377.34,5751102.54,57.423,2026-03-04T00:58:00.0000000+00:00
P02459,453899.26,5756170.34,4.024,2026-03-04T00:59:00.0000000+00:00
P02460,474975.44,5716702.86,34.686,2026-03-04T01:00:00.0000000+00:00
P02461,411794.07,5700626.24,89.010,2026-03-04T01:01:00.0000000+00:00
P02462,434157.25,5772780.73,26.285,2026-03-04T01:02:00.0000000+00:00
P02463,482530.92,5730204.21,35.198,2026-03-04T01:03:00.0000000+00:00
P02464,453115.05,5757435.71,9.525,2026-03-04T01:04:00.0000000+00:00
P02465,469765.11,5742921.70,26.106,2026-03-04T01:05:00.0000000+00:00
P02466,497721.87,5775724.10,78.418,2026-03-04T01:06:00.0000000+00:00
P02467,445691.58,5734939.50,18.386,2026-03-04T01:07:00.0000000+00:00
P02468,469533.80,5796760.27,47.123,2026-03-04T01:08:00.0000000+00:00
P02469,472224.53,5705232.96,29.329,2026-03-04T01:09:00.0000000+00:00
P02470,411191.40,5795953.48,49.882,2026-03-04T01:10:00.0000000+00:00
P02471,458078.63,5796363.62,67.427,2026-03-04T01:11:00.0000000+00:00
P02472,452853.71,5705979.88,68.810,2026-03-04T01:12:00.0000000+00:00
P02473,484893.03,5785524.18,1.302,2026-03-04T01:13:00.0000000+00:00
P02474,455804.42,5758817.30,88.754,2026-03-04T01:14:00.0000000+00:00
P02475,405374.00,5753952.42,89.463,2026-03-04T01:15:00.0000000+00:00
P02476,445933.97,5703617.46,82.565,2026-03-04T01:16:00.0000000+00:00
P02477,442297.07,5705484.54,67.804,2026-03-04T01:17:00.0000000+00:00
P02478,406343.83,5777668.24,10.300,2026-03-04T01:18:00.0000000+00:00
P02479,447462.92,5738360.65,83.128,2026-03-04T01:19:00.0000000+00:00
P02480,429460.27,5765183.20,51.744,2026-03-04T01:20:00.0000000+00:00
P02481,488754.10,5772503.59,38.781,2026-03-04T01:21:00.0000000+00:00
P02482,477450.38,5710989.28,68.945,2026-03-04T01:22:00.0000000+00:00
P02483,424790.01,5767433.78,21.144,2026-03-04T01:23:00.0000000+00:00
P02484,497760.81,5788874.23,85.070,2026-03-04T01:24:00.0000000+00:00
P02485,408025.80,5705371.90,15.645,2026-03-04T01:25:00.0000000+00:00
P02486,491350.21,5750561.30,58.646,2026-03-04T01:26:00.0000000+00:00
P02487,407981.46,5741524.99,42.737,2026-03-04T01:27:00.0000000+00:00
P02488,419050.18,5715941.43,36.905,2026-03-04T01:28:00.0000000+00:00
P02489,445390.51,5703223.50,20.755,2026-03-04T01:29:00.0000000+00:00
P02490,485620.64,5714840.65,46.621,2026-03-04T01:30:00.0000000+00:00
P02491,472807.86,5721029.46,33.551,2026-03-04T01:31:00.0000000+00:00
P02492,444028.93,5736451.02,63.775,2026-03-04T01:32:00.0000000+00:00
P02493,472943.98,5734493.15,4.768,2026-03-04T01:33:00.0000000+00:00
P02494,491058.64,5739368.14,40.660,2026-03-04T01:34:00.0000000+00:00
P02495,461320.40,5798187.74,40.004,2026-03-04T01:35:00.0000000+00:00
P02496,449783.42,5795183.79,24.600,2026-03-04T01:36:00.0000000+00:00
P02497,452716.72,5780831.60,89.470,2026-03-04T01:37:00.0000000+00:00
P02498,454055.42,5780778.25,69.249,2026-03-04T01:38:00.0000000+00:00
P02499,441096.70,5759981.38,67.873,2026-03-04T01:39:00.0000000+00:00
P02500,422758.57,5741254.54,76.970,2026-03-04T01:40:00.0000000+00:00
P02501,456926.69,5748432.35,47.278,2026-03-04T01:41:00.0000000+00:00
P02502,482321.93,5771589.74,56.322,2026-03-04T01:42:00.0000000+00:00
P02503,495971.30,5764512.92,54.028,2026-03-04T01:43:00.0000000+00:00
P02504,485294.35,5762861.73,30.748,2026-03-04T01:44:00.0000000+00:00
P02505,440473.11,5768033.07,50.687,2026-03-04T01:45:00.0000000+00:00
P02506,418803.97,5787479.83,3.306,2026-03-04T01:46:00.0000000+00:00
P02507,498653.18,5789555.52,39.842,2026-03-04T01:47:00.0000000+00:00
P02508,453315.66,5708077.27,37.442,2026-03-04T01:48:00.0000000+00:00
P02509,422798.30,5797135.38,62.495,2026-03-04T01:49:00.0000000+00:00
P02510,434145.83,5735180.73,85.412,2026-03-04T01:50:00.0000000+00:00
P02511,459838.74,5736908.02,50.646,2026-03-04T01:51:00.0000000+00:00
P02512,444776.12,5726330.33,84.427,2026-03-04T01:52:00.0000000+00:00
P02513,413264.32,5792206.78,17.672,2026-03-04T01:53:00.0000000+00:00
P02514,466799.12,5769680.23,76.261,2026-03-04T01:54:00.0000000+00:00
P02515,471602.80,5728097.37,44.202,2026-03-04T01:55:00.0000000+00:00
P02516,495505.25,5722536.48,83.689,2026-03-04T01:56:00.0000000+00:00
P02517,447318.50,5711031.43,74.299,2026-03-04T01:57:00.0000000+00:00
P02518,417882.88,5736848.54,22.372,2026-03-04T01:58:00.0000000+00:00
P02519,457316.55,5763675.67,6.827,2026-03-04T01:59:00.0000000+00:00
P02520,471598.36,5789376.10,28.752,2026-03-04T02:00:00.0000000+00:00
P02521,436555.06,5762465.06,34.685,2026-03-04T02:01:00.0000000+00:00
P02522,420212.64,5739319.23,28.695,2026-03-04T02:02:00.0000000+00:00
P02523,456181.23,5729799.39,5.961,2026-03-04T02:03:00.0000000+00:00
P02524,489313.17,5755199.90,72.941,2026-03-04T02:04:00.0000000+00:00
P02525,456582.27,5718344.39,69.570,2026-03-04T02:05:00.0000000+00:00
P02526,479569.36,5719214.35,6.761,2026-03-04T02:06:00.0000000+00:00
P02527,467455.11,5750650.68,30.601,2026-03-04T02:07:00.0000000+00:00
P02528,497954.34,5724195.94,10.833,2026-03-04T02:08:00.0000000+00:00
P02529,452975.31,5730080.93,19.140,2026-03-04T02:09:00.0000000+00:00
P02530,420062.45,5726178.68,44.107,2026-03-04T02:10:00.0000000+00:00
P02531,450184.80,5788309.82,39.947,2026-03-04T02:11:00.0000000+00:00
P02532,450289.20,5716507.53,65.941,2026-03-04T02:12:00.0000000+00:00
P02533,445450.20,5783041.95,83.465,2026-03-04T02:13:00.0000000+00:00
P02534,469973.62,5715751.34,78.448,2026-03-04T02:14:00.0000000+00:00
P02535,426968.86,5715137.05,14.611,2026-03-04T02:15:00.0000000+00:00
P02536,449951.99,5762320.39,16.537,2026-03-04T02:16:00.0000000+00:00
P02537,471872.15,5790365.29,39.913,2026-03-04T02:17:00.0000000+00:00
P02538,466871.99,5759534.35,43.004,2026-03-04T02:18:00.0000000+00:00
P02539,430991.25,5752863.79,88.870,2026-03-04T02:19:00.0000000+00:00
P02540,495032.15,5793662.43,49.573,2026-03-04T02:20:00.0000000+00:00
P02541,479607.45,5704703.55,3.731,2026-03-04T02:21:00.0000000+00:00
P02542,431807.05,5702859.29,20.771,2026-03-04T02:22:00.0000000+00:00
P02543,456219.40,5718527.24,61.874,2026-03-04T02:23:00.0000000+00:00
P02544,485305.91,5738469.14,66.906,2026-03-04T02:24:00.0000000+00:00
P02545,408271.70,5700835.75,40.029,2026-03-04T02:25:00.0000000+00:00
P02546,460061.28,5760381.32,44.987,2026-03-04T02:26:00.0000000+00:00
P02547,486670.11,5795588.86,3.422,2026-03-04T02:27:00.0000000+00:00
P02548,497579.01,5701900.75,21.577,2026-03-04T02:28:00.0000000+00:00
P02549,468552.70,5747125.06,52.642,2026-03-04T02:29:00.0000000+00:00
P02550,418926.64,5770918.14,42.333,2026-03-04T02:30:00.0000000+00:00
P02551,472310.56,5760748.99,62.947,2026-03-04T02:31:00.0000000+00:00
P02552,416803.23,5790679.19,33.565,2026-03-04T02:32:00.0000000+00:00
P02553,491893.98,5786868.96,15.725,2026-03-04T02:33:00.0000000+00:00
P02554,488763.32,5746985.43,6.741,2026-03-04T02:34:00.0000000+00:00
P02555,455789.53,5770238.96,12.849,2026-03-04T02:35:00.0000000+00:00
P02556,427855.72,5764399.62,12.475,2026-03-04T02:36:00.0000000+00:00
P02557,481492.97,5732418.07,52.001,2026-03-04T02:37:00.0000000+00:00
P02558,467120.48,5732950.90,12.592,2026-03-04T02:38:00.0000000+00:00
P02559,477419.22,5747792.98,22.145,2026-03-04T02:39:00.0000000+00:00
P02560,486372.29,5749879.86,39.153,2026-03-04T02:40:00.0000000+00:00
P02561,424502.20,5709207.05,82.650,2026-03-04T02:41:00.0000000+00:00
P02562,492194.29,5784839.39,13.194,2026-03-04T02:42:00.0000000+00:00
P02563,440096.81,5773717.46,68.578,2026-03-04T02:43:00.0000000+00:00
P02564,441227.65,5739594.10,16.913,2026-03-04T02:44:00.0000000+00:00
P02565,437141.29,5747352.49,68.848,2026-03-04T02:45:00.0000000+00:00
P02566,497700.94,5753479.17,74.381,2026-03-04T02:46:00.0000000+00:00
P02567,490914.61,5756901.67,88.846,2026-03-04T02:47:00.0000000+00:00
P02568,474407.38,5707963.28,52.436,2026-03-04T02:48:00.0000000+00:00
P02569,440789.39,5753358.91,40.788,2026-03-04T02:49:00.0000000+00:00
P02570,475780.13,5702034.17,61.624,2026-03-04T02:50:00.0000000+00:00
P02571,417722.42,5753807.00,37.198,2026-03-04T02:51:00.0000000+00:00
P02572,466002.23,5798948.35,50.145,2026-03-04T02:52:00.0000000+00:00
P02573,400987.73,5766922.54,32.805,2026-03-04T02:53:00.0000000+00:00
P02574,483380.08,5771144.03,8.363,2026-03-04T02:54:00.0000000+00:00
P02575,431444.05,5749579.74,37.691,2026-03-04T02:55:00.0000000+00:00
P02576,436131.73,5792772.94,45.560,2026-03-04T02:56:00.0000000+00:00
P02577,430815.74,5796541.88,56.352,2026-03-04T02:57:00.0000000+00:00
P02578,444724.05,5783561.38,81.719,2026-03-04T02:58:00.0000000+00:00
P02579,411974.20,5776926.21,31.597,2026-03-04T02:59:00.0000000+00:00
P02580,491301.14,5733198.17,61.358,2026-03-04T03:00:00.0000000+00:00
P02581,470233.91,5781788.29,89.828,2026-03-04T03:01:00.0000000+00:00
P02582,421766.06,5723198.10,21.622,2026-03-04T03:02:00.0000000+00:00
P02583,484002.95,5746525.35,53.038,2026-03-04T03:03:00.0000000+00:00
P02584,452785.92,5714707.77,56.204,2026-03-04T03:04:00.0000000+00:00
P02585,492217.14,5738568.33,2.361,2026-03-04T03:05:00.0000000+00:00
P02586,422836.13,5705778.60,16.708,2026-03-04T03:06:00.0000000+00:00
P02587,453466.14,5705816.00,15.844,2026-03-04T03:07:00.0000000+00:00
P02588,448792.01,5796653.14,33.392,2026-03-04T03:08:00.0000000+00:00
P02589,413245.55,5755086.29,58.759,2026-03-04T03:09:00.0000000+00:00
P02590,421171.92,5728811.61,33.847,2026-03-04T03:10:00.0000000+00:00
P02591,444327.88,5703377.87,79.108,2026-03-04T03:11:00.0000000+00:00
P02592,456435.23,5777313.75,74.440,2026-03-04T03:12:00.0000000+00:00
P02593,498049.52,5775572.30,25.615,2026-03-04T03:13:00.0000000+00:00
P02594,423800.77,5777156.99,17.477,2026-03-04T03:14:00.0000000+00:00
P02595,481023.93,5748679.29,35.252,2026-03-04T03:15:00.0000000+00:00
P02596,442074.92,5777333.21,50.282,2026-03-04T03:16:00.0000000+00:00
P02597,481094.61,5713035.85,52.141,2026-03-04T03:17:00.0000000+00:00
P02598,461938.37,5772989.11,28.125,2026-03-04T03:18:00.0000000+00:00
P02599,400395.90,5763851.67,33.600,2026-03-04T03:19:00.0000000+00:00
P02600,407621.45,5769007.55,5.945,2026-03-04T03:20:00.0000000+00:00
P02601,462121.26,5783847.52,30.902,2026-03-04T03:21:00.0000000+00:00
P02602,466702.77,5795783.47,44.670,2026-03-04T03:22:00.0000000+00:00
P02603,448485.37,5719228.63,33.821,2026-03-04T03:23:00.0000000+00:00
P02604,474752.69,5762223.36,26.485,2026-03-04T03:24:00.0000000+00:00
P02605,461419.74,5754598.17,12.113,2026-03-04T03:25:00.0000000+00:00
P02606,459280.25,5755640.18,21.316,2026-03-04T03:26:00.0000000+00:00
P02607,430299.09,5704042.82,39.542,2026-03-04T03:27:00.0000000+00:00
P02608,416771.53,5741794.96,16.995,2026-03-04T03:28:00.0000000+00:00
P02609,440853.44,5707632.86,72.360,2026-03-04T03:29:00.0000000+00:00
P02610,432322.25,5797210.35,81.587,2026-03-04T03:30:00.0000000+00:00
P02611,435693.49,5763592.84,79.236,2026-03-04T03:31:00.0000000+00:00
P02612,411449.29,5714215.87,29.274,2026-03-04T03:32:00.0000000+00:00
P02613,478108.92,5725624.07,17.763,2026-03-04T03:33:00.0000000+00:00
P02614,406761.64,5755980.55,68.688,2026-03-04T03:34:00.0000000+00:00
P02615,403693.72,5744574.19,77.977,2026-03-04T03:35:00.0000000+00:00
P02616,434441.95,5719270.45,42.948,2026-03-04T03:36:00.0000000+00:00
P02617,490678.32,5765108.18,76.888,2026-03-04T03:37:00.0000000+00:00
P02618,485370.53,5711903.80,7.888,2026-03-04T03:38:00.0000000+00:00
P02619,410466.24,5706643.20,25.259,2026-03-04T03:39:00.0000000+00:00
P02620,402799.80,5773050.94,72.155,2026-03-04T03:40:00.0000000+00:00
P02621,479108.91,5743828.16,47.377,2026-03-04T03:41:00.0000000+00:00
P02622,408212.32,5745049.30,15.870,2026-03-04T03:42:00.0000000+00:00
P02623,411195.88,5779346.67,62.231,2026-03-04T03:43:00.0000000+00:00
P02624,456901.23,5763674.55,8.617,2026-03-04T03:44:00.0000000+00:00
P02625,491091.13,5766479.93,38.663,2026-03-04T03:45:00.0000000+00:00
P02626,421847.95,5751548.49,35.934,2026-03-04T03:46:00.0000000+00:00
P02627,444980.68,5700142.74,64.759,2026-03-04T03:47:00.0000000+00:00
P02628,443780.79,5707096.19,8.398,2026-03-04T03:48:00.0000000+00:00
P02629,446620.35,5711039.49,34.572,2026-03-04T03:49:00.0000000+00:00
P02630,451904.23,5782817.82,22.395,2026-03-04T03:50:00.0000000+00:00
P02631,471221.14,5790380.78,7.213,2026-03-04T03:51:00.0000000+00:00
P02632,435490.61,5749646.85,19.007,2026-03-04T03:52:00.0000000+00:00
P02633,422980.82,5751609.87,10.293,2026-03-04T03:53:00.0000000+00:00
P02634,454700.71,5703823.26,42.068,2026-03-04T03:54:00.0000000+00:00
P02635,455285.71,5758004.94,87.156,2026-03-04T03:55:00.0000000+00:00
P02636,410594.62,5743502.60,2.570,2026-03-04T03:56:00.0000000+00:00
P02637,485523.65,5770860.85,75.480,2026-03-04T03:57:00.0000000+00:00
P02638,490234.60,5713437.10,24.551,2026-03-04T03:58:00.0000000+00:00
P02639,405610.64,5711399.53,24.539,2026-03-04T03:59:00.0000000+00:00
P02640,435775.44,5768223.83,21.369,2026-03-04T04:00:00.0000000+00:00
P02641,463379.41,5764042.34,67.592,2026-03-04T04:01:00.0000000+00:00
P02642,457248.62,5779718.94,2.469,2026-03-04T04:02:00.0000000+00:00
P02643,458482.68,5787374.55,32.859,2026-03-04T04:03:00.0000000+00:00
P02644,493398.44,5744971.02,79.334,2026-03-04T04:04:00.0000000+00:00
P02645,404240.57,5735618.89,22.583,2026-03-04T04:05:00.0000000+00:00
P02646,488804.01,5741615.33,20.429,2026-03-04T04:06:00.0000000+00:00
P02647,484001.56,5785346.54,47.645,2026-03-04T04:07:00.0000000+00:00
P02648,475468.11,5761885.64,85.583,2026-03-04T04:08:00.0000000+00:00
P02649,466525.79,5708257.82,81.784,2026-03-04T04:09:00.0000000+00:00
P02650,491988.60,5752442.30,26.182,2026-03-04T04:10:00.0000000+00:00
P02651,423622.67,5737671.21,5.002,2026-03-04T04:11:00.0000000+00:00
P02652,405293.24,5746655.44,64.801,2026-03-04T04:12:00.0000000+00:00
P02653,400652.39,5791956.80,24.776,2026-03-04T04:13:00.0000000+00:00
P02654,471604.39,5762127.77,20.447,2026-03-04T04:14:00.0000000+00:00
P02655,450100.06,5711832.63,37.617,2026-03-04T04:15:00.0000000+00:00
P02656,490509.53,5726461.67,27.853,2026-03-04T04:16:00.0000000+00:00
P02657,426838.54,5705251.61,53.704,2026-03-04T04:17:00.0000000+00:00
P02658,411687.22,5708218.28,73.509,2026-03-04T04:18:00.0000000+00:00
P02659,486486.11,5733212.74,53.900,2026-03-04T04:19:00.0000000+00:00
P02660,456092.46,5744569.92,64.991,2026-03-04T04:20:00.0000000+00:00
P02661,488436.42,5782670.84,48.183,2026-03-04T04:21:00.0000000+00:00
P02662,453675.33,5708626.06,48.732,2026-03-04T04:22:00.0000000+00:00
P02663,472437.09,5780552.91,59.009,2026-03-04T04:23:00.0000000+00:00
P02664,436551.21,5725007.60,69.303,2026-03-04T04:24:00.0000000+00:00
P02665,428558.15,5794502.36,9.842,2026-03-04T04:25:00.0000000+00:00
P02666,440825.33,5782849.06,65.170,2026-03-04T04:26:00.0000000+00:00
P02667,487739.26,5768189.89,67.480,2026-03-04T04:27:00.0000000+00:00
P02668,442317.79,5757902.59,2.489,2026-03-04T04:28:00.0000000+00:00
P02669,409463.64,5780756.43,50.492,2026-03-04T04:29:00.0000000+00:00
P02670,474189.27,5765434.52,50.381,2026-03-04T04:30:00.0000000+00:00
P02671,423824.17,5722492.24,59.196,2026-03-04T04:31:00.0000000+00:00
P02672,490390.66,5736807.63,3.387,2026-03-04T04:32:00.0000000+00:00
P02673,432783.46,5747534.76,16.967,2026-03-04T04:33:00.0000000+00:00
P02674,472482.68,5713440.45,24.466,2026-03-04T04:34:00.0000000+00:00
P02675,403471.97,5777588.33,28.456,2026-03-04T04:35:00.0000000+00:00
P02676,451641.35,5770476.30,59.572,2026-03-04T04:36:00.0000000+00:00
P02677,425553.17,5714186.38,62.359,2026-03-04T04:37:00.0000000+00:00
P02678,412151.45,5760399.41,9.096,2026-03-04T04:38:00.0000000+00:00
P02679,401744.97,5708977.68,71.877,2026-03-04T04:39:00.0000000+00:00
P02680,424717.78,5790246.75,18.685,2026-03-04T04:40:00.0000000+00:00
P02681,442098.56,5734517.91,10.685,2026-03-04T04:41:00.0000000+00:00
P02682,468310.02,5780593.90,46.006,2026-03-04T04:42:00.0000000+00:00
P02683,482575.34,5799005.77,30.809,2026-03-04T04:43:00.0000000+00:00
P02684,486258.61,5786416.67,28.346,2026-03-04T04:44:00.0000000+00:00
P02685,436655.82,5755649.82,4.877,2026-03-04T04:45:00.0000000+00:00
P02686,466970.49,5796992.45,86.127,2026-03-04T04:46:00.0000000+00:00
P02687,401414.20,5734151.91,66.080,2026-03-04T04:47:00.0000000+00:00
P02688,429095.11,5745819.08,77.455,2026-03-04T04:48:00.0000000+00:00
P02689,488734.47,5744890.09,80.594,2026-03-04T04:49:00.0000000+00:00
P02690,482091.74,5724992.99,49.288,2026-03-04T04:50:00.0000000+00:00
P02691,412873.85,5797437.92,21.016,2026-03-04T04:51:00.0000000+00:00
P02692,403657.36,5738148.86,68.124,2026-03-04T04:52:00.0000000+00:00
P02693,446844.94,5787841.78,34.204,2026-03-04T04:53:00.0000000+00:00
P02694,488818.28,5796873.10,84.581,2026-03-04T04:54:00.0000000+00:00
P02695,442894.57,5760143.37,57.219,2026-03-04T04:55:00.0000000+00:00
P02696,487768.01,5766457.05,71.880,2026-03-04T04:56:00.0000000+00:00
P02697,410623.36,5788078.44,4.491,2026-03-04T04:57:00.0000000+00:00
P02698,407389.02,5771116.32,56.951,2026-03-04T04:58:00.0000000+00:00
P02699,471583.03,5735393.04,9.261,2026-03-04T04:59:00.0000000+00:00
P02700,431991.02,5791571.39,44.656,2026-03-04T05:00:00.0000000+00:00
P02701,441545.66,5773309.16,88.745,2026-03-04T05:01:00.0000000+00:00
P02702,445955.41,5715379.99,60.025,2026-03-04T05:02:00.0000000+00:00
P02703,432321.44,5723659.47,2.915,2026-03-04T05:03:00.0000000+00:00
P02704,486988.10,5795314.64,59.598,2026-03-04T05:04:00.0000000+00:00
P02705,486525.83,5790475.40,65.762,2026-03-04T05:05:00.0000000+00:00
P02706,496514.71,5786373.22,2.385,2026-03-04T05:06:00.0000000+00:00
P02707,475890.91,5704013.96,77.208,2026-03-04T05:07:00.0000000+00:00
P02708,479814.71,5736002.32,65.663,2026-03-04T05:08:00.0000000+00:00
P02709,402531.84,5700041.00,47.394,2026-03-04T05:09:00.0000000+00:00
P02710,470311.76,5700106.13,26.152,2026-03-04T05:10:00.0000000+00:00
P02711,484082.05,5768261.39,2.964,2026-03-04T05:11:00.0000000+00:00
P02712,416143.09,5742103.85,64.115,2026-03-04T05:12:00.0000000+00:00
P02713,487498.90,5723897.74,76.941,2026-03-04T05:13:00.0000000+00:00
P02714,423849.53,5710905.24,33.889,2026-03-04T05:14:00.0000000+00:00
P02715,476198.96,5718949.46,46.259,2026-03-04T05:15:00.0000000+00:00
P02716,438472.62,5761458.88,11.808,2026-03-04T05:16:00.0000000+00:00
P02717,452587.40,5768587.39,15.624,2026-03-04T05:17:00.0000000+00:00
P02718,424268.17,5712534.88,11.619,2026-03-04T05:18:00.0000000+00:00
P02719,415597.95,5791463.05,80.760,2026-03-04T05:19:00.0000000+00:00
P02720,404393.59,5767953.79,56.067,2026-03-04T05:20:00.0000000+00:00
P02721,477491.69,5757729.16,41.093,2026-03-04T05:21:00.0000000+00:00
P02722,450101.98,5777952.43,19.444,2026-03-04T05:22:00.0000000+00:00
P02723,425568.84,5736915.48,89.202,2026-03-04T05:23:00.0000000+00:00
P02724,476443.87,5783895.57,28.562,2026-03-04T05:24:00.0000000+00:00
P02725,434524.32,5772825.85,75.524,2026-03-04T05:25:00.0000000+00:00
P02726,412878.73,5777732.61,55.474,2026-03-04T05:26:00.0000000+00:00
P02727,404670.08,5770842.03,34.137,2026-03-04T05:27:00.0000000+00:00
P02728,483960.72,5773965.47,72.053,2026-03-04T05:28:00.0000000+00:00
P02729,439137.55,5760144.47,2.752,2026-03-04T05:29:00.0000000+00:00
P02730,422889.20,5737983.01,73.140,2026-03-04T05:30:00.0000000+00:00
P02731,436525.64,5714463.25,27.485,2026-03-04T05:31:00.0000000+00:00
P02732,466726.63,5722216.89,39.916,2026-03-04T05:32:00.0000000+00:00
P02733,449443.73,5749337.70,65.587,2026-03-04T05:33:00.0000000+00:00
P02734,482328.87,5752140.67,41.284,2026-03-04T05:34:00.0000000+00:00
P02735,492354.65,5770464.02,35.416,2026-03-04T05:35:00.0000000+00:00
P02736,409484.03,5726562.56,59.736,2026-03-04T05:36:00.0000000+00:00
P02737,499311.58,5742342.25,72.166,2026-03-04T05:37:00.0000000+00:00
P02738,483103.49,5712053.68,88.295,2026-03-04T05:38:00.0000000+00:00
P02739,425887.52,5747380.79,17.940,2026-03-04T05:39:00.0000000+00:00
P02740,461945.69,5718429.86,29.649,2026-03-04T05:40:00.0000000+00:00
P02741,478111.64,5724854.80,71.405,2026-03-04T05:41:00.0000000+00:00
P02742,465119.92,5706602.75,63.145,2026-03-04T05:42:00.0000000+00:00
P02743,416408.56,5707242.35,75.965,2026-03-04T05:43:00.0000000+00:00
P02744,416378.23,5766986.40,68.861,2026-03-04T05:44:00.0000000+00:00
P02745,494235.30,5784129.32,85.976,2026-03-04T05:45:00.0000000+00:00
P02746,455252.13,5725405.77,42.160,2026-03-04T05:46:00.0000000+00:00
P02747,491761.02,5769727.71,3.055,2026-03-04T05:47:00.0000000+00:00
P02748,422976.50,5781960.32,56.621,2026-03-04T05:48:00.0000000+00:00
P02749,486827.26,5784618.21,62.092,2026-03-04T05:49:00.0000000+00:00
P02750,497990.37,5787597.38,77.497,2026-03-04T05:50:00.0000000+00:00
P02751,456469.32,5797875.08,18.575,2026-03-04T05:51:00.0000000+00:00
P02752,489164.39,5709659.91,39.818,2026-03-04T05:52:00.0000000+00:00
P02753,426849.44,5720548.61,16.263,2026-03-04T05:53:00.0000000+00:00
P02754,404182.61,5767428.21,41.683,2026-03-04T05:54:00.0000000+00:00
P02755,413019.33,5743627.16,71.100,2026-03-04T05:55:00.0000000+00:00
P02756,428463.53,5716135.20,13.707,2026-03-04T05:56:00.0000000+00:00
P02757,407661.14,5729830.24,39.237,2026-03-04T05:57:00.0000000+00:00
P02758,452508.95,5782654.02,85.247,2026-03-04T05:58:00.0000000+00:00
P02759,488659.36,5719317.61,31.249,2026-03-04T05:59:00.0000000+00:00
P02760,482281.34,5786960.29,86.870,2026-03-04T06:00:00.0000000+00:00
P02761,413900.72,5759668.99,56.907,2026-03-04T06:01:00.0000000+00:00
P02762,465763.06,5729938.49,48.038,2026-03-04T06:02:00.0000000+00:00
P02763,496557.79,5717778.43,62.500,2026-03-04T06:03:00.0000000+00:00
P02764,485736.10,5738395.18,24.428,2026-03-04T06:04:00.0000000+00:00
P02765,490735.67,5718521.91,33.804,2026-03-04T06:05:00.0000000+00:00
P02766,483755.78,5718067.42,9.706,2026-03-04T06:06:00.0000000+00:00
P02767,464111.52,5732925.91,33.881,2026-03-04T06:07:00.0000000+00:00
P02768,494789.38,5782751.15,58.547,2026-03-04T06:08:00.0000000+00:00
P02769,407163.38,5765054.36,39.856,2026-03-04T06:09:00.0000000+00:00
P02770,448606.95,5745429.16,7.954,2026-03-04T06:10:00.0000000+00:00
P02771,472193.74,5769095.49,59.756,2026-03-04T06:11:00.0000000+00:00
P02772,485827.53,5769218.47,71.165,2026-03-04T06:12:00.0000000+00:00
P02773,417095.93,5773343.50,21.887,2026-03-04T06:13:00.0000000+00:00
P02774,460082.75,5702601.63,75.991,2026-03-04T06:14:00.0000000+00:00
P02775,415422.46,5734430.32,84.155,2026-03-04T06:15:00.0000000+00:00
P02776,425249.47,5744030.37,17.623,2026-03-04T06:16:00.0000000+00:00
P02777,419075.45,5772752.07,26.109,2026-03-04T06:17:00.0000000+00:00
P02778,485560.60,5759095.48,17.499,2026-03-04T06:18:00.0000000+00:00
P02779,412301.98,5770891.56,51.335,2026-03-04T06:19:00.0000000+00:00
P02780,492863.08,5790538.69,30.192,2026-03-04T06:20:00.0000000+00:00
P02781,441181.53,5759507.53,19.322,2026-03-04T06:21:00.0000000+00:00
P02782,472521.79,5774049.10,28.787,2026-03-04T06:22:00.0000000+00:00
P02783,415955.52,5745720.91,70.239,2026-03-04T06:23:00.0000000+00:00
P02784,440007.66,5726970.84,18.958,2026-03-04T06:24:00.0000000+00:00
P02785,444639.68,5790525.10,40.112,2026-03-04T06:25:00.0000000+00:00
P02786,471848.49,5711289.53,59.761,2026-03-04T06:26:00.0000000+00:00
P02787,451415.31,5738213.26,68.402,2026-03-04T06:27:00.0000000+00:00
P02788,475901.01,5767234.92,36.038,2026-03-04T06:28:00.0000000+00:00
P02789,487836.01,5730268.66,26.671,2026-03-04T06:29:00.0000000+00:00
P02790,492289.56,5733284.63,8.533,2026-03-04T06:30:00.0000000+00:00
P02791,441734.62,5735039.62,35.820,2026-03-04T06:31:00.0000000+00:00
P02792,467492.62,5786984.69,36.463,2026-03-04T06:32:00.0000000+00:00
P02793,485753.13,5790938.86,7.187,2026-03-04T06:33:00.0000000+00:00
P02794,428604.52,5727763.86,20.434,2026-03-04T06:34:00.0000000+00:00
P02795,481028.05,5719098.44,55.092,2026-03-04T06:35:00.0000000+00:00
P02796,442904.87,5722823.84,76.139,2026-03-04T06:36:00.0000000+00:00
P02797,405170.13,5762237.85,22.783,2026-03-04T06:37:00.0000000+00:00
P02798,416824.18,5760921.83,72.168,2026-03-04T06:38:00.0000000+00:00
P02799,476179.05,5748123.14,31.565,2026-03-04T06:39:00.0000000+00:00
P02800,425558.55,5739410.91,73.338,2026-03-04T06:40:00.0000000+00:00
P02801,462966.23,5701259.77,23.525,2026-03-04T06:41:00.0000000+00:00
P02802,423485.00,5728069.77,73.954,2026-03-04T06:42:00.0000000+00:00
P02803,456537.43,5727913.49,62.043,2026-03-04T06:43:00.0000000+00:00
P02804,482489.97,5724460.02,61.556,2026-03-04T06:44:00.0000000+00:00
P02805,461131.28,5752682.66,53.300,2026-03-04T06:45:00.0000000+00:00
P02806,474522.13,5731424.28,19.012,2026-03-04T06:46:00.0000000+00:00
P02807,477042.39,5791675.08,54.799,2026-03-04T06:47:00.0000000+00:00
P02808,488743.99,5723937.52,52.916,2026-03-04T06:48:00.0000000+00:00
P02809,428605.76,5785128.35,8.846,2026-03-04T06:49:00.0000000+00:00
P02810,409369.60,5755332.45,14.982,2026-03-04T06:50:00.0000000+00:00
P02811,499833.57,5741528.97,2.680,2026-03-04T06:51:00.0000000+00:00
P02812,464005.28,5721232.26,65.307,2026-03-04T06:52:00.0000000+00:00
P02813,412657.74,5736596.44,12.688,2026-03-04T06:53:00.0000000+00:00
P02814,431737.08,5770424.61,33.832,2026-03-04T06:54:00.0000000+00:00
P02815,444953.39,5704402.46,17.615,2026-03-04T06:55:00.0000000+00:00
P02816,445961.31,5722498.93,7.032,2026-03-04T06:56:00.0000000+00:00
P02817,438427.90,5796691.55,79.298,2026-03-04T06:57:00.0000000+00:00
P02818,470397.01,5703678.54,20.350,2026-03-04T06:58:00.0000000+00:00
P02819,448058.64,5747141.86,12.081,2026-03-04T06:59:00.0000000+00:00
P02820,427808.38,5719482.58,47.630,2026-03-04T07:00:00.0000000+00:00
P02821,463645.17,5709091.59,72.409,2026-03-04T07:01:00.0000000+00:00
P02822,408295.19,5765511.33,5.227,2026-03-04T07:02:00.0000000+00:00
P02823,472124.75,5719748.40,81.357,2026-03-04T07:03:00.0000000+00:00
P02824,479558.90,5717026.69,88.541,2026-03-04T07:04:00.0000000+00:00
P02825,414378.59,5717610.14,59.697,2026-03-04T07:05:00.0000000+00:00
P02826,483810.80,5737722.33,83.714,2026-03-04T07:06:00.0000000+00:00
P02827,420750.10,5721328.62,41.032,2026-03-04T07:07:00.0000000+00:00
P02828,469543.14,5758786.24,12.379,2026-03-04T07:08:00.0000000+00:00
P02829,488411.87,5748125.83,70.624,2026-03-04T07:09:00.0000000+00:00
P02830,446011.94,5718523.54,40.212,2026-03-04T07:10:00.0000000+00:00
P02831,423351.93,5753579.95,44.259,2026-03-04T07:11:00.0000000+00:00
P02832,485061.38,5783604.48,17.799,2026-03-04T07:12:00.0000000+00:00
P02833,414384.16,5744580.13,89.839,2026-03-04T07:13:00.0000000+00:00
P02834,495387.90,5745052.79,23.784,2026-03-04T07:14:00.0000000+00:00
P02835,421665.00,5701401.75,78.979,2026-03-04T07:15:00.0000000+00:00
P02836,452930.65,5765351.00,35.520,2026-03-04T07:16:00.0000000+00:00
P02837,449626.73,5765261.32,35.759,2026-03-04T07:17:00.0000000+00:00
P02838,454395.40,5767394.68,62.618,2026-03-04T07:18:00.0000000+00:00
P02839,417834.32,5794495.34,53.553,2026-03-04T07:19:00.0000000+00:00
P02840,476161.43,5768028.75,66.494,2026-03-04T07:20:00.0000000+00:00
P02841,424540.09,5750827.85,85.539,2026-03-04T07:21:00.0000000+00:00
P02842,414618.14,5777475.92,57.259,2026-03-04T07:22:00.0000000+00:00
P02843,418695.62,5750724.69,22.858,2026-03-04T07:23:00.0000000+00:00
P02844,411013.53,5730655.39,51.554,2026-03-04T07:24:00.0000000+00:00
P02845,403449.18,5706303.10,21.956,2026-03-04T07:25:00.0000000+00:00
P02846,484054.74,5799768.15,7.295,2026-03-04T07:26:00.0000000+00:00
P02847,425093.68,5744752.13,48.551,2026-03-04T07:27:00.0000000+00:00
P02848,484416.25,5767996.68,14.969,2026-03-04T07:28:00.0000000+00:00
P02849,404588.07,5718526.82,57.205,2026-03-04T07:29:00.0000000+00:00
P02850,418797.85,5752280.95,73.770,2026-03-04T07:30:00.0000000+00:00
P02851,447695.04,5790317.81,7.897,2026-03-04T07:31:00.0000000+00:00
P02852,426211.02,5754240.21,39.564,2026-03-04T07:32:00.0000000+00:00
P02853,441057.97,5799973.75,49.321,2026-03-04T07:33:00.0000000+00:00
P02854,487455.34,5702491.09,4.169,2026-03-04T07:34:00.0000000+00:00
P02855,477098.01,5710298.79,87.232,2026-03-04T07:35:00.0000000+00:00
P02856,477261.29,5786527.67,59.489,2026-03-04T07:36:00.0000000+00:00
P02857,464798.02,5716894.78,38.129,2026-03-04T07:37:00.0000000+00:00
P02858,442746.83,5762994.62,37.665,2026-03-04T07:38:00.0000000+00:00
P02859,420572.43,5729938.20,7.472,2026-03-04T07:39:00.0000000+00:00
P02860,474510.38,5799132.73,4.066,2026-03-04T07:40:00.0000000+00:00
P02861,479440.46,5705877.30,39.143,2026-03-04T07:41:00.0000000+00:00
P02862,469950.73,5731915.51,9.525,2026-03-04T07:42:00.0000000+00:00
P02863,415242.09,5792630.89,59.220,2026-03-04T07:43:00.0000000+00:00
P02864,453927.15,5760676.43,52.537,2026-03-04T07:44:00.0000000+00:00
P02865,493333.57,5721797.39,83.273,2026-03-04T07:45:00.0000000+00:00
P02866,449823.91,5797814.10,88.953,2026-03-04T07:46:00.0000000+00:00
P02867,407107.11,5739484.48,82.678,2026-03-04T07:47:00.0000000+00:00
P02868,434623.69,5732516.77,4.987,2026-03-04T07:48:00.0000000+00:00
P02869,454644.85,5771807.77,17.897,2026-03-04T07:49:00.0000000+00:00
P02870,445930.35,5788337.52,33.868,2026-03-04T07:50:00.0000000+00:00
P02871,492521.30,5780064.04,1.193,2026-03-04T07:51:00.0000000+00:00
P02872,454711.04,5710380.97,74.547,2026-03-04T07:52:00.0000000+00:00
P02873,482558.05,5722952.92,8.890,2026-03-04T07:53:00.0000000+00:00
P02874,421235.15,5752215.23,76.082,2026-03-04T07:54:00.0000000+00:00
P02875,455515.72,5771933.08,57.631,2026-03-04T07:55:00.0000000+00:00
P02876,406977.54,5774143.52,50.613,2026-03-04T07:56:00.0000000+00:00
P02877,487789.30,5768359.13,20.999,2026-03-04T07:57:00.0000000+00:00
P02878,488341.57,5702602.17,85.142,2026-03-04T07:58:00.0000000+00:00
P02879,466748.53,5726544.99,27.217,2026-03-04T07:59:00.0000000+00:00
P02880,434588.69,5746090.71,44.284,2026-03-04T08:00:00.0000000+00:00
P02881,447405.46,5740597.47,81.274,2026-03-04T08:01:00.0000000+00:00
P02882,480649.29,5749097.61,4.791,2026-03-04T08:02:00.0000000+00:00
P02883,420737.08,5793222.52,31.272,2026-03-04T08:03:00.0000000+00:00
P02884,405635.38,5778203.57,37.112,2026-03-04T08:04:00.0000000+00:00
P02885,436591.07,5724091.52,16.867,2026-03-04T08:05:00.0000000+00:00
P02886,415308.15,5780953.39,59.761,2026-03-04T08:06:00.0000000+00:00
P02887,459349.41,5766992.75,32.646,2026-03-04T08:07:00.0000000+00:00
P02888,465119.05,5748075.47,70.228,2026-03-04T08:08:00.0000000+00:00
P02889,428489.82,5734710.18,59.105,2026-03-04T08:09:00.0000000+00:00
P02890,450257.89,5705232.29,9.825,2026-03-04T08:10:00.0000000+00:00
P02891,403326.28,5711786.62,41.890,2026-03-04T08:11:00.0000000+00:00
P02892,498152.80,5742285.17,83.936,2026-03-04T08:12:00.0000000+00:00
P02893,460284.30,5702133.13,83.361,2026-03-04T08:13:00.0000000+00:00
P02894,463173.89,5729234.01,21.357,2026-03-04T08:14:00.0000000+00:00
P02895,451998.96,5749773.70,80.760,2026-03-04T08:15:00.0000000+00:00
P02896,470869.30,5730444.84,64.081,2026-03-04T08:16:00.0000000+00:00
P02897,452866.02,5758952.59,44.976,2026-03-04T08:17:00.0000000+00:00
P02898,480546.11,5789401.41,52.357,2026-03-04T08:18:00.0000000+00:00
P02899,408444.36,5797092.69,59.215,2026-03-04T08:19:00.0000000+00:00
P02900,453365.02,5704275.76,9.497,2026-03-04T08:20:00.0000000+00:00
P02901,439295.27,5791199.66,41.629,2026-03-04T08:21:00.0000000+00:00
P02902,463193.75,5758592.93,54.898,2026-03-04T08:22:00.0000000+00:00
P02903,477217.04,5739863.31,18.125,2026-03-04T08:23:00.0000000+00:00
P02904,446369.10,5737967.14,55.529,2026-03-04T08:24:00.0000000+00:00
P02905,478990.01,5763825.08,27.697,2026-03-04T08:25:00.0000000+00:00
P02906,403872.76,5792342.09,17.215,2026-03-04T08:26:00.0000000+00:00
P02907,406463.14,5765115.26,70.826,2026-03-04T08:27:00.0000000+00:00
P02908,477146.14,5776021.07,82.620,2026-03-04T08:28:00.0000000+00:00
P02909,481637.21,5781354.91,26.994,2026-03-04T08:29:00.0000000+00:00
P02910,411780.25,5765846.38,78.444,2026-03-04T08:30:00.0000000+00:00
P02911,499092.54,5744864.88,81.838,2026-03-04T08:31:00.0000000+00:00
P02912,497522.68,5784456.18,22.063,2026-03-04T08:32:00.0000000+00:00
P02913,447459.19,5733046.55,33.474,2026-03-04T08:33:00.0000000+00:00
P02914,476912.71,5709960.01,24.092,2026-03-04T08:34:00.0000000+00:00
P02915,488435.12,5747206.92,87.944,2026-03-04T08:35:00.0000000+00:00
P02916,455663.68,5727130.20,24.236,2026-03-04T08:36:00.0000000+00:00
P02917,437771.88,5724346.92,8.238,2026-03-04T08:37:00.0000000+00:00
P02918,477551.63,5796687.74,39.097,2026-03-04T08:38:00.0000000+00:00
P02919,466417.56,5788373.18,55.154,2026-03-04T08:39:00.0000000+00:00
P02920,434485.97,5726943.35,0.779,2026-03-04T08:40:00.0000000+00:00
P02921,436626.04,5770590.90,56.569,2026-03-04T08:41:00.0000000+00:00
P02922,479238.26,5792494.09,15.485,2026-03-04T08:42:00.0000000+00:00
P02923,423124.84,5762057.86,21.640,2026-03-04T08:43:00.0000000+00:00
P02924,412544.13,5767928.37,23.409,2026-03-04T08:44:00.0000000+00:00
P02925,406075.37,5706845.11,77.301,2026-03-04T08:45:00.0000000+00:00
P02926,496685.02,5787977.46,50.050,2026-03-04T08:46:00.0000000+00:00
P02927,453241.87,5700595.39,86.174,2026-03-04T08:47:00.0000000+00:00
P02928,417265.57,5738890.39,85.766,2026-03-04T08:48:00.0000000+00:00
P02929,453391.48,5773010.62,20.869,2026-03-04T08:49:00.0000000+00:00
P02930,410013.99,5778181.29,75.254,2026-03-04T08:50:00.0000000+00:00
P02931,450063.67,5740607.62,11.154,2026-03-04T08:51:00.0000000+00:00
P02932,460566.76,5729160.56,29.367,2026-03-04T08:52:00.0000000+00:00
P02933,463427.72,5717702.50,18.694,2026-03-04T08:53:00.0000000+00:00
P02934,402082.66,5742035.30,52.378,2026-03-04T08:54:00.0000000+00:00
P02935,457104.33,5779050.01,32.563,2026-03-04T08:55:00.0000000+00:00
P02936,426879.23,5703612.75,80.281,2026-03-04T08:56:00.0000000+00:00
P02937,476844.54,5744270.23,71.185,2026-03-04T08:57:00.0000000+00:00
P02938,447469.96,5715469.36,89.503,2026-03-04T08:58:00.0000000+00:00
P02939,469214.59,5778997.08,24.176,2026-03-04T08:59:00.0000000+00:00
P02940,483365.19,5709267.02,4.789,2026-03-04T09:00:00.0000000+00:00
P02941,436369.59,5740329.72,27.092,2026-03-04T09:01:00.0000000+00:00
P02942,433107.88,5783048.89,66.652,2026-03-04T09:02:00.0000000+00:00
P02943,425190.78,5786983.23,74.618,2026-03-04T09:03:00.0000000+00:00
P02944,422355.20,5734269.28,28.768,2026-03-04T09:04:00.0000000+00:00
P02945,477386.18,5796089.85,82.698,2026-03-04T09:05:00.0000000+00:00
P02946,418923.74,5749611.65,78.197,2026-03-04T09:06:00.0000000+00:00
P02947,478202.74,5766280.06,2.112,2026-03-04T09:07:00.0000000+00:00
P02948,467274.79,5785904.13,75.489,2026-03-04T09:08:00.0000000+00:00
P02949,430701.59,5737103.47,72.844,2026-03-04T09:09:00.0000000+00:00
P02950,444696.07,5727656.63,85.119,2026-03-04T09:10:00.0000000+00:00
P02951,413173.47,5796405.13,63.995,2026-03-04T09:11:00.0000000+00:00
P02952,415684.59,5791511.67,40.080,2026-03-04T09:12:00.0000000+00:00
P02953,495613.16,5717630.23,55.521,2026-03-04T09:13:00.0000000+00:00
P02954,490949.63,5734626.47,49.319,2026-03-04T09:14:00.0000000+00:00
P02955,432764.71,5793637.65,18.794,2026-03-04T09:15:00.0000000+00:00
P02956,492102.14,5779302.54,83.560,2026-03-04T09:16:00.0000000+00:00
P02957,414855.54,5709115.86,88.236,2026-03-04T09:17:00.0000000+00:00
P02958,457410.63,5714561.29,46.642,2026-03-04T09:18:00.0000000+00:00
P02959,466829.21,5746190.75,65.317,2026-03-04T09:19:00.0000000+00:00
P02960,477330.66,5791954.64,72.990,2026-03-04T09:20:00.0000000+00:00
P02961,405932.50,5739279.12,67.305,2026-03-04T09:21:00.0000000+00:00
P02962,428749.41,5723115.61,7.073,2026-03-04T09:22:00.0000000+00:00
P02963,443028.04,5765668.10,80.917,2026-03-04T09:23:00.0000000+00:00
P02964,417403.03,5719789.29,88.989,2026-03-04T09:24:00.0000000+00:00
P02965,433266.16,5742200.47,69.270,2026-03-04T09:25:00.0000000+00:00
P02966,464049.50,5773676.10,72.474,2026-03-04T09:26:00.0000000+00:00
P02967,484365.45,5788355.83,0.104,2026-03-04T09:27:00.0000000+00:00
P02968,441161.05,5713534.38,29.679,2026-03-04T09:28:00.0000000+00:00
P02969,466036.66,5776249.00,42.767,2026-03-04T09:29:00.0000000+00:00
P02970,479248.76,5752213.40,70.585,2026-03-04T09:30:00.0000000+00:00
P02971,488374.81,5764299.96,87.577,2026-03-04T09:31:00.0000000+00:00
P02972,433682.32,5724212.18,23.443,2026-03-04T09:32:00.0000000+00:00
P02973,403393.33,5703410.09,79.931,2026-03-04T09:33:00.0000000+00:00
P02974,485383.94,5784106.74,73.106,2026-03-04T09:34:00.0000000+00:00
P02975,450778.63,5703377.96,27.038,2026-03-04T09:35:00.0000000+00:00
P02976,495268.44,5766570.29,86.191,2026-03-04T09:36:00.0000000+00:00
P02977,446170.45,5707623.55,4.995,2026-03-04T09:37:00.0000000+00:00
P02978,443699.47,5739732.31,87.136,2026-03-04T09:38:00.0000000+00:00
P02979,473293.69,5788373.59,49.843,2026-03-04T09:39:00.0000000+00:00
P02980,474425.14,5799592.53,40.337,2026-03-04T09:40:00.0000000+00:00
P02981,454360.36,5702120.20,20.826,2026-03-04T09:41:00.0000000+00:00
P02982,477828.73,5737805.84,56.431,2026-03-04T09:42:00.0000000+00:00
P02983,485495.29,5789285.84,27.337,2026-03-04T09:43:00.0000000+00:00
P02984,470909.18,5767030.89,21.609,2026-03-04T09:44:00.0000000+00:00
P02985,415456.36,5789026.82,49.815,2026-03-04T09:45:00.0000000+00:00
P02986,419555.92,5799764.73,1.684,2026-03-04T09:46:00.0000000+00:00
P02987,497412.23,5724932.57,48.232,2026-03-04T09:47:00.0000000+00:00
P02988,475814.89,5706779.45,66.253,2026-03-04T09:48:00.0000000+00:00
P02989,495066.89,5783497.65,74.263,2026-03-04T09:49:00.0000000+00:00
P02990,466704.64,5713033.41,4.867,2026-03-04T09:50:00.0000000+00:00
P02991,493586.95,5718172.56,58.706,2026-03-04T09:51:00.0000000+00:00
P02992,443360.11,5728152.20,78.072,2026-03-04T09:52:00.0000000+00:00
P02993,408778.13,5764907.43,12.346,2026-03-04T09:53:00.0000000+00:00
P02994,454120.70,5762576.63,78.655,2026-03-04T09:54:00.0000000+00:00
P02995,498028.53,5709766.73,6.368,2026-03-04T09:55:00.0000000+00:00
P02996,455405.56,5718389.38,57.584,2026-03-04T09:56:00.0000000+00:00
P02997,405069.19,5724324.36,1.619,2026-03-04T09:57:00.0000000+00:00
P02998,497236.74,5702689.76,51.689,2026-03-04T09:58:00.0000000+00:00
P02999,461472.22,5750658.78,78.347,2026-03-04T09:59:00.0000000+00:00
P03000,424167.29,5708457.52,52.110,2026-03-04T10:00:00.0000000+00:00
P03001,460869.69,5704424.91,58.309,2026-03-04T10:01:00.0000000+00:00
P03002,488883.70,5750258.06,34.944,2026-03-04T10:02:00.0000000+00:00
P03003,410322.17,5768321.00,59.129,2026-03-04T10:03:00.0000000+00:00
P03004,462856.21,5796568.40,10.842,2026-03-04T10:04:00.0000000+00:00
P03005,486174.77,5769092.83,12.335,2026-03-04T10:05:00.0000000+00:00
P03006,449952.52,5761284.13,67.319,2026-03-04T10:06:00.0000000+00:00
P03007,457566.05,5708776.71,78.865,2026-03-04T10:07:00.0000000+00:00
P03008,418698.54,5784196.56,61.691,2026-03-04T10:08:00.0000000+00:00
P03009,466395.23,5763551.95,80.364,2026-03-04T10:09:00.0000000+00:00
P03010,414465.20,5758064.20,4.884,2026-03-04T10:10:00.0000000+00:00
P03011,461877.05,5756567.16,50.862,2026-03-04T10:11:00.0000000+00:00
P03012,433124.97,5742702.36,38.604,2026-03-04T10:12:00.0000000+00:00
P03013,404156.91,5734463.10,19.569,2026-03-04T10:13:00.0000000+00:00
P03014,400071.29,5708955.99,15.904,2026-03-04T10:14:00.0000000+00:00
P03015,470030.54,5762671.24,88.552,2026-03-04T10:15:00.0000000+00:00
P03016,473847.37,5700771.20,8.821,2026-03-04T10:16:00.0000000+00:00
P03017,429947.02,5798432.97,20.710,2026-03-04T10:17:00.0000000+00:00
P03018,426419.29,5780563.03,82.986,2026-03-04T10:18:00.0000000+00:00
P03019,401982.04,5797947.01,18.752,2026-03-04T10:19:00.0000000+00:00
P03020,479467.61,5787934.66,41.021,2026-03-04T10:20:00.0000000+00:00
P03021,423605.08,5798206.87,56.056,2026-03-04T10:21:00.0000000+00:00
P03022,459710.83,5781294.52,72.200,2026-03-04T10:22:00.0000000+00:00
P03023,458502.02,5706799.37,66.872,2026-03-04T10:23:00.0000000+00:00
P03024,409876.66,5763061.64,20.944,2026-03-04T10:24:00.0000000+00:00
P03025,457267.72,5717325.25,36.479,2026-03-04T10:25:00.0000000+00:00
P03026,494195.63,5755376.96,66.148,2026-03-04T10:26:00.0000000+00:00
P03027,472825.38,5767422.74,39.075,2026-03-04T10:27:00.0000000+00:00
P03028,417339.49,5724307.77,38.179,2026-03-04T10:28:00.0000000+00:00
P03029,468420.41,5788355.00,50.796,2026-03-04T10:29:00.0000000+00:00
P03030,439053.59,5785430.03,27.898,2026-03-04T10:30:00.0000000+00:00
P03031,488283.34,5742915.33,52.162,2026-03-04T10:31:00.0000000+00:00
P03032,464712.62,5727839.91,58.346,2026-03-04T10:32:00.0000000+00:00
P03033,419868.34,5723604.55,42.732,2026-03-04T10:33:00.0000000+00:00
P03034,470103.79,5730092.99,51.993,2026-03-04T10:34:00.0000000+00:00
P03035,459581.93,5707568.75,51.147,2026-03-04T10:35:00.0000000+00:00
P03036,429408.69,5708714.77,78.091,2026-03-04T10:36:00.0000000+00:00
P03037,464649.83,5791509.08,11.804,2026-03-04T10:37:00.0000000+00:00
P03038,490092.76,5776446.53,72.213,2026-03-04T10:38:00.0000000+00:00
P03039,456079.83,5712871.12,30.508,2026-03-04T10:39:00.0000000+00:00
P03040,459751.88,5777028.43,66.645,2026-03-04T10:40:00.0000000+00:00
P03041,408716.89,5704920.13,56.960,2026-03-04T10:41:00.0000000+00:00
P03042,425903.42,5748251.14,81.627,2026-03-04T10:42:00.0000000+00:00
P03043,481696.62,5766264.49,8.806,2026-03-04T10:43:00.0000000+00:00
P03044,422894.05,5712777.86,17.737,2026-03-04T10:44:00.0000000+00:00
P03045,401872.17,5735338.57,16.977,2026-03-04T10:45:00.0000000+00:00
P03046,432170.21,5710205.26,89.241,2026-03-04T10:46:00.0000000+00:00
P03047,475521.76,5713908.80,25.384,2026-03-04T10:47:00.0000000+00:00
P03048,473077.41,5792710.50,27.716,2026-03-04T10:48:00.0000000+00:00
P03049,484544.10,5779589.96,18.679,2026-03-04T10:49:00.0000000+00:00
P03050,451808.22,5769405.31,10.453,2026-03-04T10:50:00.0000000+00:00
P03051,460729.67,5724463.50,74.697,2026-03-04T10:51:00.0000000+00:00
P03052,452509.54,5762775.42,66.323,2026-03-04T10:52:00.0000000+00:00
P03053,466762.42,5778010.74,11.779,2026-03-04T10:53:00.0000000+00:00
P03054,480996.51,5786658.63,66.077,2026-03-04T10:54:00.0000000+00:00
P03055,418189.35,5700395.42,67.768,2026-03-04T10:55:00.0000000+00:00
P03056,454719.44,5765773.68,17.598,2026-03-04T10:56:00.0000000+00:00
P03057,414020.22,5759438.22,87.757,2026-03-04T10:57:00.0000000+00:00
P03058,408835.42,5735971.47,26.781,2026-03-04T10:58:00.0000000+00:00
P03059,489922.77,5709316.91,45.595,2026-03-04T10:59:00.0000000+00:00
P03060,458707.97,5794638.16,29.464,2026-03-04T11:00:00.0000000+00:00
P03061,469376.10,5779659.85,78.298,2026-03-04T11:01:00.0000000+00:00
P03062,466530.98,5722865.18,54.905,2026-03-04T11:02:00.0000000+00:00
P03063,418501.58,5754069.10,49.309,2026-03-04T11:03:00.0000000+00:00
P03064,471754.70,5706217.22,47.975,2026-03-04T11:04:00.0000000+00:00
P03065,467511.63,5794091.06,8.226,2026-03-04T11:05:00.0000000+00:00
P03066,465195.97,5790323.13,48.874,2026-03-04T11:06:00.0000000+00:00
P03067,496093.22,5754985.06,72.313,2026-03-04T11:07:00.0000000+00:00
P03068,455297.71,5717242.18,65.921,2026-03-04T11:08:00.0000000+00:00
P03069,405436.47,5742107.63,40.613,2026-03-04T11:09:00.0000000+00:00
P03070,440205.47,5757884.82,16.241,2026-03-04T11:10:00.0000000+00:00
P03071,435730.60,5788385.00,47.629,2026-03-04T11:11:00.0000000+00:00
P03072,400232.05,5704496.66,13.320,2026-03-04T11:12:00.0000000+00:00
P03073,475968.65,5790149.74,60.806,2026-03-04T11:13:00.0000000+00:00
P03074,480356.48,5790289.01,0.620,2026-03-04T11:14:00.0000000+00:00
P03075,480541.01,5752299.28,65.064,2026-03-04T11:15:00.0000000+00:00
P03076,429526.14,5704453.30,63.204,2026-03-04T11:16:00.0000000+00:00
P03077,442990.55,5718765.54,16.674,2026-03-04T11:17:00.0000000+00:00
P03078,487661.38,5732991.10,78.793,2026-03-04T11:18:00.0000000+00:00
P03079,471228.65,5780208.77,1.696,2026-03-04T11:19:00.0000000+00:00
P03080,433875.33,5759431.26,17.514,2026-03-04T11:20:00.0000000+00:00
P03081,410690.71,5732674.98,33.007,2026-03-04T11:21:00.0000000+00:00
P03082,427551.45,5795183.69,28.118,2026-03-04T11:22:00.0000000+00:00
P03083,461840.26,5730222.22,12.620,2026-03-04T11:23:00.0000000+00:00
P03084,429040.70,5713795.72,51.074,2026-03-04T11:24:00.0000000+00:00
P03085,426210.52,5712329.34,87.366,2026-03-04T11:25:00.0000000+00:00
P03086,461060.16,5735406.67,39.472,2026-03-04T11:26:00.0000000+00:00
P03087,434804.89,5701646.32,74.425,2026-03-04T11:27:00.0000000+00:00
P03088,484195.01,5733512.68,13.755,2026-03-04T11:28:00.0000000+00:00
P03089,439461.11,5719525.97,87.492,2026-03-04T11:29:00.0000000+00:00
P03090,437673.37,5713569.25,64.848,2026-03-04T11:30:00.0000000+00:00
P03091,488448.92,5748203.58,7.152,2026-03-04T11:31:00.0000000+00:00
P03092,476447.94,5782543.82,79.246,2026-03-04T11:32:00.0000000+00:00
P03093,460406.96,5787888.71,79.561,2026-03-04T11:33:00.0000000+00:00
P03094,473934.57,5736809.36,85.858,2026-03-04T11:34:00.0000000+00:00
P03095,417098.63,5719324.86,26.057,2026-03-04T11:35:00.0000000+00:00
P03096,433671.09,5717715.16,39.897,2026-03-04T11:36:00.0000000+00:00
P03097,494364.25,5792973.18,82.208,2026-03-04T11:37:00.0000000+00:00
P03098,493055.56,5723057.94,33.004,2026-03-04T11:38:00.0000000+00:00
P03099,461346.66,5749046.57,46.140,2026-03-04T11:39:00.0000000+00:00
P03100,448073.51,5797475.62,37.449,2026-03-04T11:40:00.0000000+00:00
P03101,495889.90,5764922.76,44.784,2026-03-04T11:41:00.0000000+00:00
P03102,406972.43,5753061.98,69.630,2026-03-04T11:42:00.0000000+00:00
P03103,463173.55,5765950.15,39.388,2026-03-04T11:43:00.0000000+00:00
P03104,462822.22,5726709.18,22.631,2026-03-04T11:44:00.0000000+00:00
P03105,456744.76,5758282.03,61.920,2026-03-04T11:45:00.0000000+00:00
P03106,492292.32,5784172.48,20.016,2026-03-04T11:46:00.0000000+00:00
P03107,455971.16,5707170.44,79.933,2026-03-04T11:47:00.0000000+00:00
P03108,447424.63,5789581.85,84.956,2026-03-04T11:48:00.0000000+00:00
P03109,448061.32,5708044.58,89.192,2026-03-04T11:49:00.0000000+00:00
P03110,418206.77,5765450.01,18.730,2026-03-04T11:50:00.0000000+00:00
P03111,420147.03,5774953.61,5.448,2026-03-04T11:51:00.0000000+00:00
P03112,478916.15,5733224.64,53.273,2026-03-04T11:52:00.0000000+00:00
P03113,431655.18,5734397.33,64.615,2026-03-04T11:53:00.0000000+00:00
P03114,473594.70,5781998.62,50.365,2026-03-04T11:54:00.0000000+00:00
P03115,484002.33,5732539.64,26.453,2026-03-04T11:55:00.0000000+00:00
P03116,436179.54,5796295.34,22.845,2026-03-04T11:56:00.0000000+00:00
P03117,418374.86,5757398.44,6.791,2026-03-04T11:57:00.0000000+00:00
P03118,462433.83,5772214.80,24.813,2026-03-04T11:58:00.0000000+00:00
P03119,484803.84,5705637.03,25.492,2026-03-04T11:59:00.0000000+00:00
P03120,491063.57,5747624.38,69.721,2026-03-04T12:00:00.0000000+00:00
P03121,412284.13,5785266.87,25.057,2026-03-04T12:01:00.0000000+00:00
P03122,431075.97,5793715.49,13.850,2026-03-04T12:02:00.0000000+00:00
P03123,404200.28,5763747.02,0.719,2026-03-04T12:03:00.0000000+00:00
P03124,464316.03,5706649.51,72.450,2026-03-04T12:04:00.0000000+00:00
P03125,439721.32,5726072.47,38.669,2026-03-04T12:05:00.0000000+00:00
P03126,436970.79,5709395.85,29.930,2026-03-04T12:06:00.0000000+00:00
P03127,493867.74,5755601.66,44.294,2026-03-04T12:07:00.0000000+00:00
P03128,487591.35,5769819.20,89.993,2026-03-04T12:08:00.0000000+00:00
P03129,485472.88,5757333.75,66.736,2026-03-04T12:09:00.0000000+00:00
P03130,465535.61,5733778.40,43.958,2026-03-04T12:10:00.0000000+00:00
P03131,479646.83,5754500.26,11.350,2026-03-04T12:11:00.0000000+00:00
P03132,475609.18,5796362.70,8.256,2026-03-04T12:12:00.0000000+00:00
P03133,416300.97,5753731.77,57.451,2026-03-04T12:13:00.0000000+00:00
P03134,475205.19,5732675.26,55.548,2026-03-04T12:14:00.0000000+00:00
P03135,409622.61,5705845.35,17.714,2026-03-04T12:15:00.0000000+00:00
P03136,459315.53,5726424.59,78.655,2026-03-04T12:16:00.0000000+00:00
P03137,474946.60,5722170.34,40.806,2026-03-04T12:17:00.0000000+00:00
P03138,402953.14,5779200.31,53.762,2026-03-04T12:18:00.0000000+00:00
P03139,419953.88,5797410.88,58.290,2026-03-04T12:19:00.0000000+00:00
P03140,463136.52,5722396.99,15.515,2026-03-04T12:20:00.0000000+00:00
P03141,429208.39,5799310.24,10.553,2026-03-04T12:21:00.0000000+00:00
P03142,499198.56,5710970.88,2.028,2026-03-04T12:22:00.0000000+00:00
P03143,422995.40,5774067.52,21.467,2026-03-04T12:23:00.0000000+00:00
P03144,475646.77,5701824.29,14.313,2026-03-04T12:24:00.0000000+00:00
P03145,474011.70,5788589.97,86.339,2026-03-04T12:25:00.0000000+00:00
P03146,443202.75,5743694.70,5.051,2026-03-04T12:26:00.0000000+00:00
P03147,481353.78,5703481.23,29.029,2026-03-04T12:27:00.0000000+00:00
P03148,465315.31,5786077.94,59.245,2026-03-04T12:28:00.0000000+00:00
P03149,454986.11,5729087.75,21.392,2026-03-04T12:29:00.0000000+00:00
P03150,449759.99,5724140.67,45.406,2026-03-04T12:30:00.0000000+00:00
P03151,466782.01,5759858.77,40.269,2026-03-04T12:31:00.0000000+00:00
P03152,459115.52,5734882.68,63.457,2026-03-04T12:32:00.0000000+00:00
P03153,443301.51,5745399.98,57.839,2026-03-04T12:33:00.0000000+00:00
P03154,445266.79,5705085.63,38.855,2026-03-04T12:34:00.0000000+00:00
P03155,404871.67,5751289.04,18.059,2026-03-04T12:35:00.0000000+00:00
P03156,480982.13,5727083.62,51.306,2026-03-04T12:36:00.0000000+00:00
P03157,443053.88,5786890.59,31.132,2026-03-04T12:37:00.0000000+00:00
P03158,489714.86,5740467.83,29.721,2026-03-04T12:38:00.0000000+00:00
P03159,493825.50,5735404.40,20.715,2026-03-04T12:39:00.0000000+00:00
P03160,435548.02,5759444.74,64.773,2026-03-04T12:40:00.0000000+00:00
P03161,475670.54,5731581.28,79.572,2026-03-04T12:41:00.0000000+00:00
P03162,418706.80,5794770.14,50.759,2026-03-04T12:42:00.0000000+00:00
P03163,497047.86,5743926.91,66.563,2026-03-04T12:43:00.0000000+00:00
P03164,445058.21,5735278.79,9.699,2026-03-04T12:44:00.0000000+00:00
P03165,470503.40,5790687.55,24.542,2026-03-04T12:45:00.0000000+00:00
P03166,471239.68,5716164.09,75.808,2026-03-04T12:46:00.0000000+00:00
P03167,481626.60,5798081.83,58.518,2026-03-04T12:47:00.0000000+00:00
P03168,477416.79,5794986.59,38.365,2026-03-04T12:48:00.0000000+00:00
P03169,427592.43,5728511.03,26.505,2026-03-04T12:49:00.0000000+00:00
P03170,442061.96,5744002.61,52.471,2026-03-04T12:50:00.0000000+00:00
P03171,466582.63,5753156.40,39.871,2026-03-04T12:51:00.0000000+00:00
P03172,459776.87,5702703.63,9.135,2026-03-04T12:52:00.0000000+00:00
P03173,458259.61,5756983.83,1.315,2026-03-04T12:53:00.0000000+00:00
P03174,474994.11,5797623.54,25.836,2026-03-04T12:54:00.0000000+00:00
P03175,425745.68,5739447.65,60.868,2026-03-04T12:55:00.0000000+00:00
P03176,436834.20,5702271.50,14.014,2026-03-04T12:56:00.0000000+00:00
P03177,498700.36,5735633.07,89.556,2026-03-04T12:57:00.0000000+00:00
P03178,433846.64,5733421.14,40.674,2026-03-04T12:58:00.0000000+00:00
P03179,493581.58,5794882.12,77.474,2026-03-04T12:59:00.0000000+00:00
P03180,449557.12,5735171.69,13.753,2026-03-04T13:00:00.0000000+00:00
P03181,447691.94,5720009.15,23.902,2026-03-04T13:01:00.0000000+00:00
P03182,411265.07,5745246.55,76.647,2026-03-04T13:02:00.0000000+00:00
P03183,495900.67,5711351.41,18.634,2026-03-04T13:03:00.0000000+00:00
P03184,450204.10,5723292.72,64.088,2026-03-04T13:04:00.0000000+00:00
P03185,491994.24,5733420.54,1.041,2026-03-04T13:05:00.0000000+00:00
P03186,466276.29,5722136.60,54.055,2026-03-04T13:06:00.0000000+00:00
P03187,435649.18,5738249.43,3.374,2026-03-04T13:07:00.0000000+00:00
P03188,422165.38,5773918.30,14.194,2026-03-04T13:08:00.0000000+00:00
P03189,436078.07,5792154.71,17.039,2026-03-04T13:09:00.0000000+00:00
P03190,452047.75,5722159.11,21.018,2026-03-04T13:10:00.0000000+00:00
P03191,456802.56,5706017.41,80.555,2026-03-04T13:11:00.0000000+00:00
P03192,442645.35,5706990.05,5.022,2026-03-04T13:12:00.0000000+00:00
P03193,425217.07,5707061.85,44.339,2026-03-04T13:13:00.0000000+00:00
P03194,434929.61,5707799.13,16.937,2026-03-04T13:14:00.0000000+00:00
P03195,412015.94,5709846.18,7.845,2026-03-04T13:15:00.0000000+00:00
P03196,483351.24,5794189.36,77.472,2026-03-04T13:16:00.0000000+00:00
P03197,431465.81,5748785.18,78.809,2026-03-04T13:17:00.0000000+00:00
P03198,412469.30,5701275.89,41.123,2026-03-04T13:18:00.0000000+00:00
P03199,496935.66,5725786.88,68.619,2026-03-04T13:19:00.0000000+00:00
P03200,494087.42,5737660.12,26.946,2026-03-04T13:20:00.0000000+00:00
P03201,445703.24,5727361.22,20.818,2026-03-04T13:21:00.0000000+00:00
P03202,408081.88,5720611.59,48.687,2026-03-04T13:22:00.0000000+00:00
P03203,485187.16,5774438.26,1.885,2026-03-04T13:23:00.0000000+00:00
P03204,492474.22,5748087.97,19.420,2026-03-04T13:24:00.0000000+00:00
P03205,458714.95,5748256.32,38.435,2026-03-04T13:25:00.0000000+00:00
P03206,409625.19,5752027.54,65.629,2026-03-04T13:26:00.0000000+00:00
P03207,453598.89,5707748.19,73.576,2026-03-04T13:27:00.0000000+00:00
P03208,491706.37,5711894.57,2.596,2026-03-04T13:28:00.0000000+00:00
P03209,487498.67,5741348.49,17.069,2026-03-04T13:29:00.0000000+00:00
P03210,446599.48,5703300.85,57.273,2026-03-04T13:30:00.0000000+00:00
P03211,433571.75,5746579.77,45.351,2026-03-04T13:31:00.0000000+00:00
P03212,416753.31,5743898.11,65.115,2026-03-04T13:32:00.0000000+00:00
P03213,480776.73,5740329.90,5.840,2026-03-04T13:33:00.0000000+00:00
P03214,430112.01,5792167.88,40.750,2026-03-04T13:34:00.0000000+00:00
P03215,402206.60,5799406.45,6.244,2026-03-04T13:35:00.0000000+00:00
P03216,459649.68,5726205.80,77.059,2026-03-04T13:36:00.0000000+00:00
P03217,411050.14,5787010.76,36.719,2026-03-04T13:37:00.0000000+00:00
P03218,415770.76,5794007.29,61.467,2026-03-04T13:38:00.0000000+00:00
P03219,466600.56,5742351.19,49.620,2026-03-04T13:39:00.0000000+00:00
P03220,435155.44,5731077.71,67.896,2026-03-04T13:40:00.0000000+00:00
P03221,435737.71,5723590.19,46.049,2026-03-04T13:41:00.0000000+00:00
P03222,485307.00,5787151.34,71.911,2026-03-04T13:42:00.0000000+00:00
P03223,497033.53,5761456.20,65.687,2026-03-04T13:43:00.0000000+00:00
P03224,481020.72,5792130.52,70.513,2026-03-04T13:44:00.0000000+00:00
P03225,482137.40,5713004.64,40.408,2026-03-04T13:45:00.0000000+00:00
P03226,474894.39,5739799.97,36.685,2026-03-04T13:46:00.0000000+00:00
P03227,448318.96,5724171.89,40.680,2026-03-04T13:47:00.0000000+00:00
P03228,459613.32,5776736.51,20.018,2026-03-04T13:48:00.0000000+00:00
P03229,400609.14,5772166.62,81.024,2026-03-04T13:49:00.0000000+00:00
P03230,497529.83,5793158.72,33.114,2026-03-04T13:50:00.0000000+00:00
P03231,491992.21,5755080.46,53.399,2026-03-04T13:51:00.0000000+00:00
P03232,451374.99,5712349.92,64.764,2026-03-04T13:52:00.0000000+00:00
P03233,444570.92,5727844.24,83.462,2026-03-04T13:53:00.0000000+00:00
P03234,474620.30,5718169.11,57.303,2026-03-04T13:54:00.0000000+00:00
P03235,468725.12,5748965.37,89.579,2026-03-04T13:55:00.0000000+00:00
P03236,475437.76,5759090.12,87.233,2026-03-04T13:56:00.0000000+00:00
P03237,412927.13,5772778.36,89.225,2026-03-04T13:57:00.0000000+00:00
P03238,489528.07,5742954.95,15.985,2026-03-04T13:58:00.0000000+00:00
P03239,474634.73,5790067.46,87.063,2026-03-04T13:59:00.0000000+00:00
P03240,493276.80,5757638.24,69.469,2026-03-04T14:00:00.0000000+00:00
P03241,490943.14,5799863.54,15.958,2026-03-04T14:01:00.0000000+00:00
P03242,417363.31,5794990.04,10.796,2026-03-04T14:02:00.0000000+00:00
P03243,473476.37,5731156.95,19.557,2026-03-04T14:03:00.0000000+00:00
P03244,487420.73,5794794.50,56.264,2026-03-04T14:04:00.0000000+00:00
P03245,467849.28,5778472.52,17.161,2026-03-04T14:05:00.0000000+00:00
P03246,465720.88,5735822.25,41.857,2026-03-04T14:06:00.0000000+00:00
P03247,422675.35,5790327.47,70.859,2026-03-04T14:07:00.0000000+00:00
P03248,403532.70,5762212.10,66.598,2026-03-04T14:08:00.0000000+00:00
P03249,475154.97,5759268.01,33.045,2026-03-04T14:09:00.0000000+00:00
P03250,452109.40,5751369.73,77.888,2026-03-04T14:10:00.0000000+00:00
P03251,417384.64,5712396.78,34.229,2026-03-04T14:11:00.0000000+00:00
P03252,443851.47,5791909.45,65.865,2026-03-04T14:12:00.0000000+00:00
P03253,465452.40,5794666.08,42.925,2026-03-04T14:13:00.0000000+00:00
P03254,464200.57,5755107.18,69.218,2026-03-04T14:14:00.0000000+00:00
P03255,456884.63,5750935.31,66.053,2026-03-04T14:15:00.0000000+00:00
P03256,434379.49,5748512.01,26.137,2026-03-04T14:16:00.0000000+00:00
P03257,473523.24,5731385.39,59.258,2026-03-04T14:17:00.0000000+00:00
P03258,467910.29,5724689.72,32.969,2026-03-04T14:18:00.0000000+00:00
P03259,409852.43,5793593.58,8.291,2026-03-04T14:19:00.0000000+00:00
P03260,433780.98,5786959.90,19.749,2026-03-04T14:20:00.0000000+00:00
P03261,472038.12,5773838.86,9.237,2026-03-04T14:21:00.0000000+00:00
P03262,437990.64,5710608.80,31.222,2026-03-04T14:22:00.0000000+00:00
P03263,461149.24,5790914.29,45.478,2026-03-04T14:23:00.0000000+00:00
P03264,497113.84,5727457.53,19.305,2026-03-04T14:24:00.0000000+00:00
P03265,411789.75,5739974.19,60.309,2026-03-04T14:25:00.0000000+00:00
P03266,426803.82,5702741.56,60.539,2026-03-04T14:26:00.0000000+00:00
P03267,451986.81,5718718.00,31.723,2026-03-04T14:27:00.0000000+00:00
P03268,486354.28,5707882.71,87.842,2026-03-04T14:28:00.0000000+00:00
P03269,438213.04,5747988.39,84.378,2026-03-04T14:29:00.0000000+00:00
P03270,447443.18,5791096.43,67.354,2026-03-04T14:30:00.0000000+00:00
P03271,483757.18,5796353.79,48.524,2026-03-04T14:31:00.0000000+00:00
P03272,419472.04,5757763.36,69.693,2026-03-04T14:32:00.0000000+00:00
P03273,429158.96,5749342.55,60.925,2026-03-04T14:33:00.0000000+00:00
P03274,422647.40,5777861.55,73.631,2026-03-04T14:34:00.0000000+00:00
P03275,482993.87,5789452.64,8.491,2026-03-04T14:35:00.0000000+00:00
P03276,462896.08,5706645.83,15.161,2026-03-04T14:36:00.0000000+00:00
P03277,476039.06,5774849.55,46.930,2026-03-04T14:37:00.0000000+00:00
P03278,426523.01,5727201.78,8.973,2026-03-04T14:38:00.0000000+00:00
P03279,488493.92,5750448.98,18.343,2026-03-04T14:39:00.0000000+00:00
P03280,457620.28,5737434.33,86.663,2026-03-04T14:40:00.0000000+00:00
P03281,462969.54,5795624.08,66.686,2026-03-04T14:41:00.0000000+00:00
P03282,462713.45,5778953.33,71.608,2026-03-04T14:42:00.0000000+00:00
P03283,417653.67,5788502.84,26.798,2026-03-04T14:43:00.0000000+00:00
P03284,435958.04,5777798.92,68.166,2026-03-04T14:44:00.0000000+00:00
P03285,498684.64,5788017.72,23.891,2026-03-04T14:45:00.0000000+00:00
P03286,478736.42,5710094.08,83.973,2026-03-04T14:46:00.0000000+00:00
P03287,497394.17,5727268.58,14.640,2026-03-04T14:47:00.0000000+00:00
P03288,418369.55,5713352.89,72.534,2026-03-04T14:48:00.0000000+00:00
P03289,445825.72,5798907.57,87.922,2026-03-04T14:49:00.0000000+00:00
P03290,488579.70,5778153.78,8.097,2026-03-04T14:50:00.0000000+00:00
P03291,480601.90,5720306.89,48.361,2026-03-04T14:51:00.0000000+00:00
P03292,450795.09,5774696.91,78.112,2026-03-04T14:52:00.0000000+00:00
P03293,452610.77,5788449.13,66.210,2026-03-04T14:53:00.0000000+00:00
P03294,403310.09,5783360.34,23.528,2026-03-04T14:54:00.0000000+00:00
P03295,490223.21,5745612.17,17.216,2026-03-04T14:55:00.0000000+00:00
P03296,419187.18,5707946.17,70.255,2026-03-04T14:56:00.0000000+00:00
P03297,443694.28,5700886.77,34.717,2026-03-04T14:57:00.0000000+00:00
P03298,478776.54,5785330.87,4.198,2026-03-04T14:58:00.0000000+00:00
P03299,403818.74,5797082.57,68.008,2026-03-04T14:59:00.0000000+00:00
P03300,426361.46,5763903.67,89.332,2026-03-04T15:00:00.0000000+00:00
P03301,490567.32,5789289.53,64.690,2026-03-04T15:01:00.0000000+00:00
P03302,403322.35,5799393.62,63.452,2026-03-04T15:02:00.0000000+00:00
P03303,420204.26,5770362.11,50.718,2026-03-04T15:03:00.0000000+00:00
P03304,467507.02,5716237.25,12.451,2026-03-04T15:04:00.0000000+00:00
P03305,424567.62,5742781.07,82.319,2026-03-04T15:05:00.0000000+00:00
P03306,461616.76,5728948.67,77.057,2026-03-04T15:06:00.0000000+00:00
P03307,482470.25,5782690.16,75.698,2026-03-04T15:07:00.0000000+00:00
P03308,420464.40,5704678.51,33.495,2026-03-04T15:08:00.0000000+00:00
P03309,430458.14,5790289.92,89.970,2026-03-04T15:09:00.0000000+00:00
P03310,417016.64,5718962.44,25.098,2026-03-04T15:10:00.0000000+00:00
P03311,426233.96,5743878.67,1.938,2026-03-04T15:11:00.0000000+00:00
P03312,416262.52,5739531.64,26.300,2026-03-04T15:12:00.0000000+00:00
P03313,489137.51,5718268.46,4.731,2026-03-04T15:13:00.0000000+00:00
P03314,440431.72,5725266.93,69.764,2026-03-04T15:14:00.0000000+00:00
P03315,441634.69,5776264.31,45.217,2026-03-04T15:15:00.0000000+00:00
P03316,486831.38,5797249.72,81.881,2026-03-04T15:16:00.0000000+00:00
P03317,426002.52,5739574.10,32.842,2026-03-04T15:17:00.0000000+00:00
P03318,409982.65,5785629.60,2.487,2026-03-04T15:18:00.0000000+00:00
P03319,478745.70,5759522.45,3.557,2026-03-04T15:19:00.0000000+00:00
P03320,484581.32,5719530.67,23.317,2026-03-04T15:20:00.0000000+00:00
P03321,417613.84,5701956.17,69.908,2026-03-04T15:21:00.0000000+00:00
P03322,432788.16,5761110.30,18.522,2026-03-04T15:22:00.0000000+00:00
P03323,433544.29,5737086.40,74.107,2026-03-04T15:23:00.0000000+00:00
P03324,490796.81,5766602.27,47.799,2026-03-04T15:24:00.0000000+00:00
P03325,462270.40,5734542.41,79.571,2026-03-04T15:25:00.0000000+00:00
P03326,468588.58,5727160.07,83.512,2026-03-04T15:26:00.0000000+00:00
P03327,482328.92,5788151.94,24.866,2026-03-04T15:27:00.0000000+00:00
P03328,487657.48,5750305.07,11.741,2026-03-04T15:28:00.0000000+00:00
P03329,418697.43,5749679.08,68.444,2026-03-04T15:29:00.0000000+00:00
P03330,465171.90,5731140.22,49.367,2026-03-04T15:30:00.0000000+00:00
P03331,456297.91,5728035.03,55.618,2026-03-04T15:31:00.0000000+00:00
P03332,425134.25,5736444.85,52.910,2026-03-04T15:32:00.0000000+00:00
P03333,422626.96,5753918.79,35.045,2026-03-04T15:33:00.0000000+00:00
P03334,429649.55,5728690.60,20.446,2026-03-04T15:34:00.0000000+00:00
P03335,407436.59,5781893.82,38.030,2026-03-04T15:35:00.0000000+00:00
P03336,420140.60,5736775.51,34.361,2026-03-04T15:36:00.0000000+00:00
P03337,458607.83,5787034.88,73.865,2026-03-04T15:37:00.0000000+00:00
P03338,437672.32,5784947.58,77.806,2026-03-04T15:38:00.0000000+00:00
P03339,490533.85,5750279.26,83.004,2026-03-04T15:39:00.0000000+00:00
P03340,408059.95,5768555.83,86.017,2026-03-04T15:40:00.0000000+00:00
P03341,479911.42,5783114.33,59.983,2026-03-04T15:41:00.0000000+00:00
P03342,454266.71,5757515.17,19.561,2026-03-04T15:42:00.0000000+00:00
P03343,417558.41,5772951.42,20.898,2026-03-04T15:43:00.0000000+00:00
P03344,459711.48,5773710.01,82.574,2026-03-04T15:44:00.0000000+00:00
P03345,452790.93,5767974.36,39.426,2026-03-04T15:45:00.0000000+00:00
P03346,467585.75,5787106.85,7.396,2026-03-04T15:46:00.0000000+00:00
P03347,403440.04,5767225.86,3.149,2026-03-04T15:47:00.0000000+00:00
P03348,423133.72,5763860.94,8.512,2026-03-04T15:48:00.0000000+00:00
P03349,427472.65,5773118.78,21.477,2026-03-04T15:49:00.0000000+00:00
P03350,428014.78,5750251.25,72.720,2026-03-04T15:50:00.0000000+00:00
P03351,430351.17,5727882.14,45.461,2026-03-04T15:51:00.0000000+00:00
P03352,469067.32,5732558.33,34.184,2026-03-04T15:52:00.0000000+00:00
P03353,422650.73,5744428.58,70.194,2026-03-04T15:53:00.0000000+00:00
P03354,493556.58,5784603.16,7.774,2026-03-04T15:54:00.0000000+00:00
P03355,469501.88,5751567.39,51.299,2026-03-04T15:55:00.0000000+00:00
P03356,489413.77,5723712.95,50.864,2026-03-04T15:56:00.0000000+00:00
P03357,487019.08,5722562.17,22.767,2026-03-04T15:57:00.0000000+00:00
P03358,418645.94,5727228.54,50.505,2026-03-04T15:58:00.0000000+00:00
P03359,403329.69,5700557.30,28.218,2026-03-04T15:59:00.0000000+00:00
P03360,487468.13,5709037.50,40.612,2026-03-04T16:00:00.0000000+00:00
P03361,494551.29,5774954.02,39.609,2026-03-04T16:01:00.0000000+00:00
P03362,494743.27,5716819.57,64.698,2026-03-04T16:02:00.0000000+00:00
P03363,496857.75,5733648.07,88.146,2026-03-04T16:03:00.0000000+00:00
P03364,450189.14,5732878.00,32.880,2026-03-04T16:04:00.0000000+00:00
P03365,429364.58,5745602.01,6.426,2026-03-04T16:05:00.0000000+00:00
P03366,477418.36,5762842.61,20.953,2026-03-04T16:06:00.0000000+00:00
P03367,401784.16,5750315.66,53.285,2026-03-04T16:07:00.0000000+00:00
P03368,433753.45,5797418.30,30.563,2026-03-04T16:08:00.0000000+00:00
P03369,488250.79,5715455.94,0.305,2026-03-04T16:09:00.0000000+00:00
P03370,428406.93,5793698.86,65.852,2026-03-04T16:10:00.0000000+00:00
P03371,415349.92,5719813.74,72.352,2026-03-04T16:11:00.0000000+00:00
P03372,407029.35,5752625.38,5.821,2026-03-04T16:12:00.0000000+00:00
P03373,464375.83,5754921.04,60.906,2026-03-04T16:13:00.0000000+00:00
P03374,490669.98,5724606.89,12.280,2026-03-04T16:14:00.0000000+00:00
P03375,427233.83,5736282.32,29.296,2026-03-04T16:15:00.0000000+00:00
P03376,401620.14,5742738.65,45.669,2026-03-04T16:16:00.0000000+00:00
P03377,408717.59,5764801.62,21.983,2026-03-04T16:17:00.0000000+00:00
P03378,403699.49,5773525.33,26.163,2026-03-04T16:18:00.0000000+00:00
P03379,475634.24,5726317.03,86.745,2026-03-04T16:19:00.0000000+00:00
P03380,460683.26,5779367.91,42.974,2026-03-04T16:20:00.0000000+00:00
P03381,498950.74,5702709.22,33.911,2026-03-04T16:21:00.0000000+00:00
P03382,439376.99,5732985.87,86.076,2026-03-04T16:22:00.0000000+00:00
P03383,425862.28,5775025.26,77.636,2026-03-04T16:23:00.0000000+00:00
P03384,454553.93,5753101.19,50.088,2026-03-04T16:24:00.0000000+00:00
P03385,403313.98,5718720.68,3.248,2026-03-04T16:25:00.0000000+00:00
P03386,487620.16,5712727.67,56.489,2026-03-04T16:26:00.0000000+00:00
P03387,495685.80,5713212.82,84.306,2026-03-04T16:27:00.0000000+00:00
P03388,483375.87,5728429.18,69.677,2026-03-04T16:28:00.0000000+00:00
P03389,499565.34,5740494.15,33.530,2026-03-04T16:29:00.0000000+00:00
P03390,444381.79,5718090.93,17.381,2026-03-04T16:30:00.0000000+00:00
P03391,472441.71,5795007.08,0.786,2026-03-04T16:31:00.0000000+00:00
P03392,494889.58,5765248.26,27.048,2026-03-04T16:32:00.0000000+00:00
P03393,450429.72,5799929.22,32.689,2026-03-04T16:33:00.0000000+00:00
P03394,480381.84,5721411.51,61.698,2026-03-04T16:34:00.0000000+00:00
P03395,484360.71,5779802.59,20.842,2026-03-04T16:35:00.0000000+00:00
P03396,430821.01,5761025.75,8.227,2026-03-04T16:36:00.0000000+00:00
P03397,435614.75,5787387.49,21.186,2026-03-04T16:37:00.0000000+00:00
P03398,402464.73,5703945.35,58.649,2026-03-04T16:38:00.0000000+00:00
P03399,453073.21,5742482.49,12.350,2026-03-04T16:39:00.0000000+00:00
P03400,416712.21,5702648.25,21.284,2026-03-04T16:40:00.0000000+00:00
P03401,498844.35,5735606.81,85.287,2026-03-04T16:41:00.0000000+00:00
P03402,443846.75,5762267.77,78.613,2026-03-04T16:42:00.0000000+00:00
P03403,481563.30,5760802.02,43.951,2026-03-04T16:43:00.0000000+00:00
P03404,465925.48,5706597.14,5.010,2026-03-04T16:44:00.0000000+00:00
P03405,441723.81,5788268.25,52.884,2026-03-04T16:45:00.0000000+00:00
P03406,420085.10,5751475.58,45.886,2026-03-04T16:46:00.0000000+00:00
P03407,483023.21,5778160.75,82.899,2026-03-04T16:47:00.0000000+00:00
P03408,402723.75,5735035.81,60.829,2026-03-04T16:48:00.0000000+00:00
P03409,474264.13,5772893.07,53.750,2026-03-04T16:49:00.0000000+00:00
P03410,421821.84,5728515.34,35.136,2026-03-04T16:50:00.0000000+00:00
P03411,440470.17,5716966.73,51.763,2026-03-04T16:51:00.0000000+00:00
P03412,409825.22,5779659.72,17.271,2026-03-04T16:52:00.0000000+00:00
P03413,416968.90,5756960.16,10.307,2026-03-04T16:53:00.0000000+00:00
P03414,465999.60,5714107.05,46.444,2026-03-04T16:54:00.0000000+00:00
P03415,415593.12,5751266.76,33.669,2026-03-04T16:55:00.0000000+00:00
P03416,460130.48,5782104.64,31.738,2026-03-04T16:56:00.0000000+00:00
P03417,472988.28,5718770.58,64.449,2026-03-04T16:57:00.0000000+00:00
P03418,403259.02,5794171.45,81.684,2026-03-04T16:58:00.0000000+00:00
P03419,418072.05,5771944.97,61.787,2026-03-04T16:59:00.0000000+00:00
P03420,499501.35,5766194.72,52.445,2026-03-04T17:00:00.0000000+00:00
P03421,425121.33,5785447.12,10.713,2026-03-04T17:01:00.0000000+00:00
P03422,445014.52,5755985.83,39.831,2026-03-04T17:02:00.0000000+00:00
P03423,412001.07,5789184.69,1.495,2026-03-04T17:03:00.0000000+00:00
P03424,450273.69,5722016.82,52.319,2026-03-04T17:04:00.0000000+00:00
P03425,494962.62,5779880.03,58.996,2026-03-04T17:05:00.0000000+00:00
P03426,407694.00,5770756.74,30.379,2026-03-04T17:06:00.0000000+00:00
P03427,459532.90,5790083.22,0.381,2026-03-04T17:07:00.0000000+00:00
P03428,412506.35,5761525.88,77.612,2026-03-04T17:08:00.0000000+00:00
P03429,489592.30,5733030.16,20.883,2026-03-04T17:09:00.0000000+00:00
P03430,422525.42,5775011.53,16.496,2026-03-04T17:10:00.0000000+00:00
P03431,491426.41,5787367.56,67.431,2026-03-04T17:11:00.0000000+00:00
P03432,412387.37,5773826.51,8.115,2026-03-04T17:12:00.0000000+00:00
P03433,459501.27,5769058.83,63.233,2026-03-04T17:13:00.0000000+00:00
P03434,470442.06,5776644.18,12.346,2026-03-04T17:14:00.0000000+00:00
P03435,466583.91,5778219.82,46.911,2026-03-04T17:15:00.0000000+00:00
P03436,462964.06,5772715.40,28.590,2026-03-04T17:16:00.0000000+00:00
P03437,450765.56,5759624.18,68.479,2026-03-04T17:17:00.0000000+00:00
P03438,487392.38,5720779.21,51.948,2026-03-04T17:18:00.0000000+00:00
P03439,419309.38,5772077.51,74.116,2026-03-04T17:19:00.0000000+00:00
P03440,472994.72,5727951.52,80.842,2026-03-04T17:20:00.0000000+00:00
P03441,464966.29,5786071.82,79.035,2026-03-04T17:21:00.0000000+00:00
P03442,438867.19,5795969.09,29.141,2026-03-04T17:22:00.0000000+00:00
P03443,463745.52,5729750.28,28.753,2026-03-04T17:23:00.0000000+00:00
P03444,413896.45,5733976.83,56.130,2026-03-04T17:24:00.0000000+00:00
P03445,419101.11,5723017.61,60.586,2026-03-04T17:25:00.0000000+00:00
P03446,431122.98,5766346.75,48.464,2026-03-04T17:26:00.0000000+00:00
P03447,461897.04,5750138.17,74.380,2026-03-04T17:27:00.0000000+00:00
P03448,498870.09,5705524.57,79.309,2026-03-04T17:28:00.0000000+00:00
P03449,481878.44,5741494.52,34.446,2026-03-04T17:29:00.0000000+00:00
P03450,450314.81,5766918.73,57.769,2026-03-04T17:30:00.0000000+00:00
P03451,480523.77,5751607.37,70.350,2026-03-04T17:31:00.0000000+00:00
P03452,447787.88,5798730.83,60.265,2026-03-04T17:32:00.0000000+00:00
P03453,425212.96,5762556.95,76.537,2026-03-04T17:33:00.0000000+00:00
P03454,407535.61,5723427.92,71.231,2026-03-04T17:34:00.0000000+00:00
P03455,417180.78,5759279.21,22.717,2026-03-04T17:35:00.0000000+00:00
P03456,479495.88,5741199.73,33.047,2026-03-04T17:36:00.0000000+00:00
P03457,486444.61,5730463.70,9.994,2026-03-04T17:37:00.0000000+00:00
P03458,432202.98,5777542.14,24.421,2026-03-04T17:38:00.0000000+00:00
P03459,482095.54,5797077.13,58.023,2026-03-04T17:39:00.0000000+00:00
P03460,453494.88,5798571.28,18.003,2026-03-04T17:40:00.0000000+00:00
P03461,475764.26,5763395.26,3.778,2026-03-04T17:41:00.0000000+00:00
P03462,485326.51,5759942.57,8.229,2026-03-04T17:42:00.0000000+00:00
P03463,423290.37,5751001.23,53.806,2026-03-04T17:43:00.0000000+00:00
P03464,445587.02,5751132.17,35.706,2026-03-04T17:44:00.0000000+00:00
P03465,474709.66,5723409.38,17.482,2026-03-04T17:45:00.0000000+00:00
P03466,406227.57,5741460.30,85.840,2026-03-04T17:46:00.0000000+00:00
P03467,436086.05,5794700.99,26.753,2026-03-04T17:47:00.0000000+00:00
P03468,482195.24,5744908.74,80.284,2026-03-04T17:48:00.0000000+00:00
P03469,451385.29,5728558.17,74.179,2026-03-04T17:49:00.0000000+00:00
P03470,449207.58,5786494.92,47.375,2026-03-04T17:50:00.0000000+00:00
P03471,454480.46,5732273.11,46.515,2026-03-04T17:51:00.0000000+00:00
P03472,481473.93,5742338.66,79.546,2026-03-04T17:52:00.0000000+00:00
P03473,485967.45,5772568.75,31.152,2026-03-04T17:53:00.0000000+00:00
P03474,425720.00,5776459.94,78.901,2026-03-04T17:54:00.0000000+00:00
P03475,419716.88,5775077.23,72.360,2026-03-04T17:55:00.0000000+00:00
P03476,497569.43,5753025.57,40.831,2026-03-04T17:56:00.0000000+00:00
P03477,443119.70,5772807.93,83.967,2026-03-04T17:57:00.0000000+00:00
P03478,486082.84,5741690.73,28.369,2026-03-04T17:58:00.0000000+00:00
P03479,445334.73,5723677.71,60.516,2026-03-04T17:59:00.0000000+00:00
P03480,461050.59,5759088.42,82.632,2026-03-04T18:00:00.0000000+00:00
P03481,476436.57,5712250.06,62.445,2026-03-04T18:01:00.0000000+00:00
P03482,401595.28,5700763.89,29.644,2026-03-04T18:02:00.0000000+00:00
P03483,442452.32,5707896.79,8.029,2026-03-04T18:03:00.0000000+00:00
P03484,448483.45,5756389.38,70.074,2026-03-04T18:04:00.0000000+00:00
P03485,412415.26,5776273.01,86.856,2026-03-04T18:05:00.0000000+00:00
P03486,424040.01,5778578.09,15.347,2026-03-04T18:06:00.0000000+00:00
P03487,484454.79,5715080.97,65.031,2026-03-04T18:07:00.0000000+00:00
P03488,436190.55,5740847.59,25.347,2026-03-04T18:08:00.0000000+00:00
P03489,443770.81,5750586.56,84.461,2026-03-04T18:09:00.0000000+00:00
P03490,406816.38,5779692.04,84.430,2026-03-04T18:10:00.0000000+00:00
P03491,468265.00,5732635.15,58.316,2026-03-04T18:11:00.0000000+00:00
P03492,485839.32,5715368.73,85.290,2026-03-04T18:12:00.0000000+00:00
P03493,487897.51,5773438.53,1.223,2026-03-04T18:13:00.0000000+00:00
P03494,466601.53,5797555.41,51.148,2026-03-04T18:14:00.0000000+00:00
P03495,435092.67,5707403.32,2.786,2026-03-04T18:15:00.0000000+00:00
P03496,455061.79,5786006.72,25.721,2026-03-04T18:16:00.0000000+00:00
P03497,470523.21,5790496.09,66.959,2026-03-04T18:17:00.0000000+00:00
P03498,419352.70,5785997.21,61.422,2026-03-04T18:18:00.0000000+00:00
P03499,472731.53,5736380.57,34.406,2026-03-04T18:19:00.0000000+00:00
P03500,445475.26,5742649.17,71.974,2026-03-04T18:20:00.0000000+00:00
